,Set point 1,Set point 2,Constant Green,Constant Red,Time (min)
0,0.037053927969772436,0.037053927969772436,0.037053927969772436,0.037053927969772436,0.0
1,0.03752534139994679,0.037525342279390084,0.037525344748345964,0.03752534474835255,1.0010427528675705
2,0.038114391744733356,0.03811440539561926,0.0381144618469291,0.03811443935352445,2.002085505735141
3,0.03881053327641056,0.03881055005551942,0.038810579528768055,0.03881023147985342,3.0031282586027115
4,0.0395954160705456,0.03959540726977374,0.03959544881427873,0.03959392390466083,4.004171011470282
5,0.04045120151162711,0.04045136808704526,0.040451470209034626,0.040447539394148364,5.005213764337853
6,0.04136260405082875,0.041363384383461065,0.04136323448906538,0.04135508709150441,6.006256517205423
7,0.042317146066339954,0.0423192016478304,0.0423196021719299,0.04230517577801561,7.007299270072993
8,0.04330473375782702,0.04330898978055586,0.04331036909153477,0.04328734990258898,8.008342022940564
9,0.04431822149375852,0.04432502499621216,0.04432850815784855,0.04429428497553262,9.009384775808135
10,0.04535126028840274,0.045361346834870094,0.045368423811089034,0.0453201680309648,10.010427528675706
11,0.04639944480413792,0.046413392583343725,0.04642582514467871,0.04636059252396496,11.011470281543275
12,0.04745944675749828,0.047477760828272514,0.04749734919875293,0.047412282087039584,12.012513034410846
13,0.04852891117910319,0.04855202035426272,0.04858044212558566,0.04847276570572364,13.013555787278417
14,0.04960630011945124,0.049634550867785586,0.049673276966379735,0.04954011604750434,14.014598540145986
15,0.05069051782334833,0.05072429458755111,0.050774582128729255,0.050612818261323744,15.015641293013557
16,0.051780597068827344,0.05182054201866528,0.051883161704972876,0.051689528010174665,16.016684045881128
17,0.05287563691583425,0.05292264015379652,0.05299859289158113,0.052769399832254905,17.017726798748697
18,0.05397486267445989,0.05402990587074414,0.05412044001264404,0.05385160607283268,18.01876955161627
19,0.05507757286722328,0.055141687591362905,0.05524828444090831,0.054935421826885024,19.01981230448384
20,0.056183177333493775,0.05625738572483921,0.05638184495486888,0.05602032278064453,20.02085505735141
21,0.057291213254036015,0.05737651392286548,0.05752097478541401,0.057105896199011956,21.02189781021898
22,0.058401407584513426,0.05849875199117372,0.058665429984817934,0.05819191971355754,22.02294056308655
23,0.059513776860385996,0.05962402474084174,0.05981502498178221,0.05927824067320204,23.023983315954123
24,0.060628690630352824,0.06075255277394528,0.060969695795418964,0.06036464351054089,24.025026068821692
25,0.06174651879791526,0.06188473250211892,0.06212944670267577,0.061450851553969614,25.02606882168926
26,0.06286732676806724,0.06302096830818162,0.06329433776125942,0.06253655041718047,26.027111574556834
27,0.06399095478340287,0.0641613931360832,0.0644644634959233,0.06362139904834124,27.028154327424403
28,0.06511711381018492,0.0653058769756418,0.06563991731317632,0.06470504477975196,28.029197080291972
29,0.06624545068600497,0.06645413452794838,0.06682080383753619,0.06578711303039934,29.030239833159545
30,0.06737558786414398,0.06760582408422314,0.0680072185204197,0.0668672279763859,30.031282586027114
31,0.06850720513534067,0.06876062812358381,0.06919920788427687,0.06794508122878135,31.032325338894687
32,0.06964014512454603,0.06991835674408346,0.07039671298991414,0.06902054617707953,32.033368091762256
33,0.07077461891271972,0.0710790808127604,0.07159969779851702,0.07009352860814513,33.034410844629825
34,0.07191134800381847,0.07224322698493484,0.07280819618072883,0.07116380162744324,34.035453597497394
35,0.07305102875035194,0.07341142943810267,0.07402228849982045,0.07223101247414533,35.03649635036497
36,0.07419387085674434,0.07458430296703099,0.07524211085749702,0.07329470748461284,36.03753910323254
37,0.07533970723794563,0.07576208249842128,0.07646777655269975,0.0743543866530691,37.03858185610011
38,0.07648817137668151,0.07694463773829956,0.07769941476876198,0.07540949796480384,38.03962460896768
39,0.07763876037384257,0.07813162401226509,0.07893714856222447,0.07645944778535833,39.04066736183525
40,0.0787909443255516,0.07932260548664355,0.08018109834654347,0.07750362721224631,40.04171011470282
41,0.07994423836824834,0.08051716840250542,0.08143131784403904,0.07854149889702167,41.04275286757039
42,0.08109836597145971,0.08171504408519031,0.08268775672623092,0.07957277058287313,42.04379562043796
43,0.0822536094485663,0.08291630475037093,0.08395039654266233,0.08059718816794324,43.04483837330553
44,0.08341104615180055,0.08412150014300204,0.08521926675563579,0.08161435187911402,44.0458811261731
45,0.08457164793553153,0.08533146062677889,0.08649445797734419,0.0826236756735553,45.04692387904067
46,0.08573566107706608,0.08654694910958038,0.08777609888504789,0.08362444712446924,46.047966631908245
47,0.08690282794356996,0.08776821381350061,0.08906430228590725,0.0846158990548058,47.049009384775815
48,0.0880725722217137,0.08899504150174661,0.09035920071912487,0.08559717714091175,48.050052137643384
49,0.08924418792107323,0.09022697110811312,0.09166090424105482,0.08656741704215816,49.05109489051095
50,0.09041688714891859,0.09146342591846654,0.09296953618882224,0.08752571064593317,50.05213764337852
51,0.0915899522818459,0.09270385610143744,0.0942851451972125,0.08847125413874903,51.0531803962461
52,0.09276292914005994,0.09394788609977706,0.09560768295003921,0.08940355193467889,52.05422314911367
53,0.0939362204960999,0.09519558751553646,0.096937128724595,0.09032218081279325,53.05526590198124
54,0.09511150359728661,0.09644767404665928,0.098273509982896,0.0912265808051203,54.056308654848806
55,0.09629031737804923,0.09770523221899681,0.0996169212137563,0.09211596074032322,55.057351407716375
56,0.09747309560846183,0.09896925858907386,0.10096747539702161,0.09298943740220539,56.058394160583944
57,0.09865949240074352,0.10024007252123907,0.10232528636097396,0.09384605556287216,57.05943691345152
58,0.09984871270046758,0.10151739587701784,0.10369048259202433,0.09468477841241273,58.06047966631909
59,0.10103973923574577,0.10280063926250377,0.1050631630080176,0.09550463539957528,59.06152241918666
60,0.10223145173425205,0.10408905695340802,0.10644344955346903,0.09630458352145074,60.06256517205423
61,0.10342280311616525,0.10538193255480983,0.1078313838321374,0.09708375461493828,61.0636079249218
62,0.10461307979255158,0.10667875436880474,0.10922692195155823,0.09784162590051691,62.06465067778937
63,0.10580284958252159,0.10797958227495756,0.11063003250249369,0.09857783075638882,63.06569343065694
64,0.10699457356941887,0.10928531631955735,0.11204074554156368,0.0992918757123362,64.06673618352451
65,0.10819031907143163,0.11059733235668279,0.1134591555982087,0.09998304654421819,65.06777893639209
66,0.10939058857166666,0.11191681583540937,0.11488535908995204,0.10065063529288867,66.06882168925965
67,0.11059484333071687,0.1132440637114115,0.11631947472736683,0.10129381135559269,67.06986444212723
68,0.11180199284907,0.11457867497911496,0.11776161321871989,0.10191178839880748,68.07090719499479
69,0.11301061629394293,0.11591988139924476,0.11921187422742872,0.10250385101441639,69.07194994786236
70,0.11421920807220151,0.11726675284768613,0.12067037181661405,0.10306924092638246,70.07299270072994
71,0.11542633221499785,0.11861838853514445,0.12213713918197458,0.10360744183411101,71.0740354535975
72,0.11663097702471616,0.11997413008995286,0.12361213877713181,0.10411826711811667,72.07507820646508
73,0.11783400951422553,0.12133404561384621,0.12509532450900376,0.10460179144327451,73.07612095933264
74,0.11903914483531461,0.12269928272834797,0.12658673470526197,0.10505792318446873,74.07716371220022
75,0.12024951069733972,0.12407159617325804,0.12808644639971123,0.10548645881663134,75.0782064650678
76,0.12146594296576797,0.12545248210262497,0.12959455389102528,0.10588718876085887,76.07924921793536
77,0.12268778162364989,0.12684231527310094,0.13111117580518988,0.10625978615772129,77.08029197080293
78,0.12391356268560032,0.1282406091000251,0.1326364020714323,0.10660406849982147,78.0813347236705
79,0.12514140363059773,0.1296464175527606,0.13417033438650677,0.10691986246160051,79.08237747653807
80,0.1263692821711436,0.13105860036773306,0.13571307548760278,0.10720700309713584,80.08342022940565
81,0.1275952684083727,0.13247604593113269,0.13726465510460756,0.10746554986288256,81.08446298227321
82,0.1288179559952193,0.13389791994676373,0.13882502504411173,0.1076959026866629,82.08550573514079
83,0.13003855603387593,0.1353242834683547,0.1403941396086863,0.1078986745948553,83.08654848800835
84,0.13126205063431706,0.13675653354742887,0.1419720395638457,0.10807430715285485,84.08759124087592
85,0.13249219511696644,0.1381967973798953,0.14355878135682046,0.10822319683922628,85.08863399374349
86,0.1337298276003298,0.13964673203537922,0.14515446074848504,0.10834564887413892,86.08967674661106
87,0.13497398414029135,0.1411066225126216,0.14675918451927267,0.10844189924304451,87.09071949947864
88,0.1362227175551641,0.1425758059196161,0.14837303020073886,0.10851228672881824,88.0917622523462
89,0.13747365864477615,0.1440531183366738,0.14999609887298015,0.10855711141293155,89.09280500521378
90,0.13872425173752848,0.14553720635619333,0.1516284780555326,0.10857671392431316,90.09384775808134
91,0.1399720865603028,0.147026749237731,0.15327019376748555,0.10857158752332448,91.09489051094891
92,0.141215391828664,0.14852075014740068,0.154921185597162,0.10854255783088237,92.09593326381649
93,0.1424559289770592,0.15001929680413834,0.15658141041993218,0.10849058722205138,93.09697601668405
94,0.14370056109203816,0.15152411287461856,0.15825090300925646,0.10841647439817265,94.09801876955163
95,0.14495443428605095,0.15303779537004428,0.15992970361540434,0.10832095108264797,95.09906152241919
96,0.14621875483401067,0.15456235048462807,0.1616179103720258,0.10820458917747006,96.10010427528677
97,0.14749237265823173,0.1560981242223428,0.16331560592395436,0.10806794268339336,97.10114702815434
98,0.14877284221274123,0.1576443431027378,0.1650228642103742,0.10791155837731184,98.1021897810219
99,0.15005718946437224,0.15919964735805603,0.16673978271065795,0.10773593666833733,99.10323253388948
100,0.15134223448802323,0.16076244793550265,0.16846642953501895,0.10754162860145774,100.10427528675704
101,0.15262497019872318,0.16233119835933066,0.17020282610206336,0.1073292749194135,101.10531803962462
102,0.15390316010644245,0.163904710261374,0.1719488999974737,0.10709983699779697,102.1063607924922
103,0.15517904827793189,0.16548307212894742,0.17370461390882375,0.10685436357450466,103.10740354535976
104,0.15646072592918553,0.16706829776213897,0.1754699800831835,0.10659376851864179,104.10844629822734
105,0.15775356019487127,0.16866335241889902,0.17724503552055815,0.10631881206030405,105.1094890510949
106,0.15905851150898742,0.1702702713743842,0.1790298752856381,0.10603009307971226,106.11053180396247
107,0.1603739595789622,0.1718892146090199,0.1808245551493306,0.10572819812621358,107.11157455683005
108,0.1616969750621524,0.17351919267817423,0.1826291520475477,0.10541363269389452,108.11261730969761
109,0.1630240432247621,0.17515862107366784,0.18444373787428262,0.10508689292815133,109.11366006256519
110,0.16435150338337146,0.17680569833482734,0.18626837897832443,0.10474846994209976,110.11470281543275
111,0.16567589999722793,0.17845868540216916,0.18810308379817806,0.10439895489459157,111.11574556830033
112,0.16699468884985844,0.1801162466138061,0.1899477685370198,0.10403924600004365,112.11678832116789
113,0.16831088976095138,0.181778531039586,0.19180239990609163,0.10367032457866174,113.11783107403546
114,0.16963469599856532,0.18344793537503085,0.19366696504309192,0.10329303353143392,114.11887382690304
115,0.17097282502879368,0.18512792983930385,0.19554150265292772,0.10290801085463426,115.1199165797706
116,0.17232654387627006,0.18682088541721661,0.19742608603679793,0.10251575666341442,116.12095933263818
117,0.17369398312912643,0.1885270037097991,0.19932075924286902,0.10211671599568545,117.12200208550574
118,0.1750717225532328,0.19024516666114652,0.20122559620094274,0.10171125127282091,118.12304483837332
119,0.17645563207505024,0.19197360954073886,0.20314064059236808,0.10129972102102519,119.1240875912409
120,0.17784144322355264,0.19371030482266763,0.2050659552452859,0.10088246266150523,120.12513034410846
121,0.17922512529619009,0.19545330177682774,0.20700153361114107,0.10045992400081627,121.12617309697603
122,0.18060370194859796,0.1972010862302594,0.20894728579903518,0.10003286233636983,122.1272158498436
123,0.18198068544528892,0.19895381973803664,0.21090316734941136,0.09960214661862628,123.12825860271117
124,0.18336678413351973,0.20071418744709418,0.21286915118878758,0.09916847155075965,124.12930135557875
125,0.18476815926677334,0.20248593416499416,0.21484527451399835,0.09873232006600771,125.13034410844631
126,0.18618551712157475,0.2042712310523576,0.21683158075337985,0.09829403858206737,126.13138686131389
127,0.1876165190295196,0.2060700104714187,0.21882810831000213,0.09785389505415898,127.13242961418145
128,0.18905734001790298,0.20788091786582058,0.22083492111561429,0.09741208853259374,128.13347236704902
129,0.19050348949106669,0.20970198958261274,0.22285203761768763,0.09696880222911837,129.13451511991659
130,0.1919503931475797,0.21153103272957294,0.22487951238367446,0.09652420954229383,130.13555787278418
131,0.193393751578841,0.21336594797384706,0.22691732250129912,0.09607860196960433,131.13660062565174
132,0.1948304539037297,0.21520511692539607,0.22896537685568796,0.09563260047236884,132.1376433785193
133,0.19626501079852152,0.2170488066272626,0.23102360633994956,0.09518696044360207,133.13868613138686
134,0.19771020744535367,0.2189001216321872,0.23309197916191499,0.09474223621819262,134.13972888425445
135,0.1991734086520325,0.22076332026211468,0.2351705260541089,0.0942987730340597,135.14077163712201
136,0.20065560751963282,0.22264086413072107,0.2372592589459374,0.09385676297100486,136.14181438998958
137,0.2021542695252786,0.22453271663533356,0.23935821622360165,0.09341632120084238,137.14285714285717
138,0.20366514410664682,0.22643741781717744,0.2414674299338474,0.09297749840180074,138.14389989572473
139,0.20518324411428318,0.22835283912707433,0.2435869135881905,0.09254032181803191,139.1449426485923
140,0.2067034774140203,0.23027660044439546,0.24571670297594922,0.09210482337046345,140.14598540145988
141,0.20822106673592963,0.23220642184936924,0.24785675772937193,0.09167116209527135,141.14702815432744
142,0.20973255886153733,0.23414053391740827,0.25000698675026156,0.0912398589996465,142.148070907195
143,0.2112428506926286,0.2360792312433815,0.2521672939824687,0.09081157571618508,143.14911366006257
144,0.21276407975776201,0.23802588712338357,0.25433764928507163,0.09038676618605315,144.15015641293016
145,0.21430228877702995,0.23998481887925674,0.2565180528745647,0.08996566250711498,145.15119916579772
146,0.2158577012912252,0.24195805801360615,0.2587085067976078,0.08954833557891344,146.15224191866528
147,0.21742741362965093,0.24394524107236906,0.2609090404216834,0.0891347848834841,147.15328467153287
148,0.21900691648248427,0.24594468314200124,0.2631196529637135,0.08872493643399089,148.15432742440044
149,0.22059115276578803,0.24795410020293635,0.2653403529497813,0.08831870224385929,149.155370177268
150,0.22217494147357758,0.24997100926522875,0.26757115390969166,0.08791600184987229,150.1564129301356
151,0.22375348057694927,0.25199304198835115,0.26981200318905213,0.08751689738059515,151.15745568300315
152,0.22532340476153354,0.25401837801216254,0.272062793024353,0.08712184216627575,152.1584984358707
153,0.22689089491869868,0.2560474704826572,0.274323416689896,0.08673143861164415,153.15954118873827
154,0.22847022532581035,0.2580841574727614,0.27659383856000125,0.08634607668601994,154.16058394160586
155,0.23006857353026405,0.26013326946952087,0.2788740268008344,0.08596590092753563,155.16162669447343
156,0.23168653401548434,0.2621971043827359,0.2811639763102471,0.08559089949992485,156.162669447341
157,0.23332109118580036,0.2642753296831223,0.28346369725685533,0.08522098503345082,157.16371220020858
158,0.23496743605902243,0.2663661783977434,0.28577316436944034,0.08485599059988332,158.16475495307614
159,0.23662011521542195,0.2684672382044966,0.28809237806596283,0.08449574716651226,159.1657977059437
160,0.2382735325802185,0.2705758740990168,0.2904213267756276,0.08414008918256904,160.1668404588113
161,0.23992249336809807,0.2726895700430881,0.29275994665421934,0.08378901403243627,161.16788321167886
162,0.24156337382505402,0.27480638261450635,0.2951081097832164,0.08344293340091659,162.16892596454642
163,0.24320241053412095,0.2769268080540531,0.29746570380234305,0.08310242188709506,163.16996871741398
164,0.24485181830811567,0.27905491585087083,0.2998326805974847,0.08276783024224575,164.17101147028157
165,0.2465168459598161,0.2811952772745772,0.3022089805412451,0.08243924128018021,165.17205422314913
166,0.2481971930042322,0.2833495920400892,0.3045945934072491,0.08211659146631076,166.1730969760167
167,0.24988956468615847,0.28551713973499376,0.30698949560351413,0.08179972276619904,167.17413972888428
168,0.2515891547723009,0.28769599693484743,0.30939365155560605,0.08148840898714046,168.17518248175185
169,0.253290645234858,0.2898836301259684,0.3118070485095214,0.0811824236119978,169.1762252346194
170,0.2549886402245482,0.29207737044341636,0.3142296479033377,0.08088153755365775,170.17726798748697
171,0.2566781507705074,0.2942746706814742,0.31666137407489103,0.08058570717715989,171.17831074035456
172,0.25835588371948476,0.296473586987199,0.31910208168472787,0.0802953239864604,172.17935349322212
173,0.2600297608815337,0.2986748363377607,0.3215516566341262,0.0800109585820097,173.18039624608969
174,0.2617142855012946,0.3008830250894182,0.32401002027868137,0.07973292876450513,174.18143899895728
175,0.26341595764977166,0.30310325822765244,0.3264771036070956,0.07946128661904427,175.18248175182484
176,0.2651349456750436,0.3053374799310777,0.32895288364117176,0.07919593309700192,176.1835245046924
177,0.26686798797336986,0.3075850310912214,0.3314373046396098,0.07893665690978849,177.18456725756
178,0.26861008587780527,0.3098439238194121,0.33393032514302745,0.07868319559410204,178.18561001042755
179,0.2703556115070568,0.3121115319871499,0.33643190370999687,0.07843527350466531,179.18665276329511
180,0.27209883545385766,0.3143850597865421,0.33894198954526317,0.07819262372385148,180.18769551616268
181,0.2738344395911589,0.31666183867687137,0.34146048963746023,0.07795517466652273,181.18873826903027
182,0.27555894302269685,0.3189398233331946,0.3439872443285654,0.07772331262143836,182.18978102189783
183,0.2772794951578169,0.32121979483629093,0.34652213534655807,0.07749761587827718,183.1908237747654
184,0.27900702524975274,0.32350649933344094,0.34906505573927465,0.07727838050591258,184.19186652763298
185,0.28074561159328437,0.3258044051715159,0.3516159301261474,0.07706564438695225,185.19290928050054
186,0.28249446649420196,0.32811472444765805,0.3541747109913655,0.07685927734909646,186.1939520333681
187,0.2842501375578245,0.3304364490635746,0.3567413239255027,0.07665903643934484,187.1949947862357
188,0.2860078953789458,0.3327674430029005,0.3593157178046347,0.07646463430224462,188.19603753910326
189,0.28776250596820474,0.3351050492365906,0.36189782120870106,0.07627575591487637,189.19708029197082
190,0.2895087132141857,0.33744647322744703,0.36448757306530183,0.0760921106042241,190.19812304483838
191,0.29124167037593257,0.3397890726665974,0.36708486252579664,0.075913608630914,191.19916579770597
192,0.29295852258819277,0.34213084889898615,0.36968952102060376,0.07574064227869783,192.20020855057354
193,0.29466856578351985,0.34447288075415566,0.37230141745158823,0.07557379742922934,193.2012513034411
194,0.29638522615274826,0.3468205543257371,0.3749204264294452,0.07541336097847791,194.2022940563087
195,0.298113991774302,0.3491789066378111,0.3775464651404062,0.075259365113716,195.20333680917625
196,0.2998547371739491,0.35154941047166266,0.3801794561449588,0.07511165081883957,196.2043795620438
197,0.3016042075725117,0.35393113020749234,0.3828193148744801,0.07496995910050376,197.20542231491137
198,0.3033576244175975,0.3563218947266618,0.3854659769707046,0.07483398422322429,198.20646506777896
199,0.30510956496064445,0.3587189796544663,0.38811934564353007,0.07470338138946869,199.20750782064653
200,0.3068545387157262,0.36111948251713205,0.39077934717072327,0.07457784320172303,200.2085505735141
201,0.3085874490978107,0.3635206574581182,0.39344585469032095,0.07445726890788787,201.20959332638168
202,0.310305275775165,0.36592041982233464,0.39611869632759356,0.0743420646977743,202.21063607924924
203,0.3120149918789145,0.36831994359067105,0.39879771910245626,0.07423281667010852,203.2116788321168
204,0.31372501899447464,0.3707245379884005,0.4014827910019593,0.0741298150075207,204.2127215849844
205,0.3154380210538655,0.37313820273226134,0.40417381740548364,0.07403308780828469,205.21376433785196
206,0.317152852168436,0.37556165762046806,0.40687069544602933,0.0739424534464604,206.21480709071952
207,0.31886623447045365,0.37799365014735753,0.409573334760256,0.07385764727726535,207.21584984358708
208,0.3205738800071976,0.3804319006803841,0.412281644256796,0.07377833842570333,208.21689259645467
209,0.3222710927111134,0.38287370682455124,0.41499552017542396,0.07370417236918902,209.21793534932223
210,0.32395317987757605,0.3853162285324433,0.4177148702817303,0.07363482529962351,210.2189781021898
211,0.3256158507291297,0.38775678911767986,0.4204395541601698,0.07357019013802571,211.22002085505738
212,0.32725708810662735,0.3901933959457036,0.42316939771046647,0.07351068858329675,212.22106360792495
213,0.3288863730740337,0.39262762526203765,0.42590423024062907,0.07345690628485951,213.2221063607925
214,0.33051468073337553,0.39506556415766353,0.42864391616602515,0.07340914117452707,214.2231491136601
215,0.33214625592432523,0.3975118154936612,0.4313883401228844,0.07336740865814918,215.22419186652766
216,0.3337808505688478,0.3999673905683471,0.43413738815200703,0.07333152020687161,216.22523461939522
217,0.33541564462403783,0.4024311366689744,0.43689095953083434,0.07330120573879303,217.22627737226279
218,0.3370465489141392,0.4049007679437509,0.4396489417139188,0.07327611441147712,218.22732012513038
219,0.3386688914250915,0.4073735203012327,0.44241122439077935,0.07325588697436446,219.22836287799794
220,0.34027795811155953,0.40984647098899174,0.4451776981765256,0.07324018665528827,220.2294056308655
221,0.3418693762559547,0.41231685125117334,0.4479482138999361,0.0732289053428057,221.2304483837331
222,0.3434408420957741,0.4147825979872749,0.450722590237779,0.07322247288677532,222.23149113660065
223,0.3449975222528351,0.4172454092101485,0.453500649654749,0.07322147897314299,223.23253388946821
224,0.3465444669590963,0.4197108461589814,0.4562822504524213,0.07322622679991957,224.23357664233578
225,0.34808287440173247,0.42218219265051193,0.45906725964298517,0.07323671829911625,225.23461939520337
226,0.3496114553912349,0.4246597230477021,0.4618555561219234,0.073252764436731,226.23566214807093
227,0.3511275169249517,0.4271420011919377,0.46464702656949547,0.07327408924777128,227.2367049009385
228,0.3526277006257069,0.4296267140914032,0.46744154495323587,0.07330032898699387,228.23774765380608
229,0.3541084268815185,0.4321111515233189,0.47023899366058497,0.07333112247374833,229.23879040667364
230,0.355566118186654,0.43459250918294934,0.4730392490380763,0.07336612287290746,230.2398331595412
231,0.3569976123715094,0.43706813389644183,0.4758421561622184,0.0734052242478841,231.2408759124088
232,0.35840199882848817,0.43953610584501107,0.4786475273832948,0.07344885885191799,232.24191866527636
233,0.35978687376781937,0.44199866731706855,0.4814551836625067,0.07349762079260778,233.24296141814392
234,0.36115955567117825,0.4444623150031694,0.48426497582230615,0.07355181501720913,234.24400417101148
235,0.36252286007346063,0.44693098052397084,0.48707676018994767,0.07361143175326053,235.24504692387907
236,0.3638766272547636,0.44940526820940724,0.48989040979254755,0.07367628621928536,236.24608967674664
237,0.36521895230487644,0.45188386834478317,0.49270579710267076,0.07374608984761333,237.2471324296142
238,0.3665470423461839,0.45436449282293284,0.4955227918621131,0.07382047931745096,238.2481751824818
239,0.3678577158194175,0.4568443862591662,0.4983412677758762,0.07389909137816109,239.24921793534935
240,0.3691477157762159,0.4593206823963149,0.5011610912328861,0.07398157180134006,240.2502606882169
241,0.3704141090606598,0.4617906488648683,0.5039821030762253,0.07406781769538849,241.2513034410845
242,0.37165552198695684,0.4642523161815464,0.5068041147277048,0.07415826196328071,242.25234619395206
243,0.37287432846577345,0.4667079857157313,0.5096269470984215,0.07425350199891124,243.25338894681963
244,0.37407238399446796,0.4691629699158255,0.5124504424215122,0.07435383017566277,244.2544316996872
245,0.3752498472843691,0.47161974723491784,0.5152744554150164,0.07445923841843335,245.25547445255478
246,0.37640566086611155,0.4740782286864993,0.5180988511218508,0.07456954301464848,246.25651720542234
247,0.3775381729622803,0.47653687608742945,0.5209234953227164,0.0746844463760365,247.2575599582899
248,0.37864547013121697,0.4789934063551454,0.5237482543188177,0.07480358987832013,248.2586027111575
249,0.37972555456222423,0.48144520192983786,0.5265729943152169,0.07492660572099723,249.25964546402506
250,0.38077652901237374,0.48388955458500293,0.5293975773624298,0.07505314036173331,250.26068821689262
251,0.38179685163004723,0.4863239026419154,0.5322218417514081,0.07518309262635037,251.2617309697602
252,0.38278659244651914,0.4887464855397625,0.5350456026244313,0.0753168936866326,252.26277372262777
253,0.383749933254041,0.4911603437968323,0.5378686800058089,0.07545513840294149,253.26381647549533
254,0.3846903719555421,0.49357186957494076,0.5406909151196594,0.07559810558083477,254.2648592283629
255,0.3856093965428539,0.4959842394650545,0.5435121615615142,0.07574579002767014,255.26590198123048
256,0.3865071162060607,0.4983977434573361,0.5463322782224201,0.0758980058854862,256.26694473409805
257,0.3873827938006988,0.5008110170444211,0.5491511309779361,0.07605445432031459,257.26798748696564
258,0.388235349675813,0.5032218206182109,0.5519685819668838,0.07621478297544969,258.26903023983317
259,0.3890634543067804,0.5056275424140121,0.554784496383579,0.07637861989292942,259.27007299270076
260,0.38986580830795775,0.5080254222935212,0.5575987330845648,0.07654561722117759,260.27111574556835
261,0.39064137270132465,0.5104128446082971,0.5604111314545575,0.07671567502291213,261.2721584984359
262,0.39138991237401843,0.5127880284273983,0.5632215137058388,0.07688922064717858,262.2732012513035
263,0.3921121502649158,0.5151537639842972,0.5660296997219681,0.07706683869327695,263.27424400417107
264,0.39280857830355664,0.5175145358445208,0.56883553641066,0.077248795544599,264.2752867570386
265,0.3934791406481725,0.5198720452728184,0.5716388752452672,0.07743508953211312,265.2763295099062
266,0.39412357181056507,0.5222259196189102,0.5744395763716188,0.07762552855736575,266.2773722627737
267,0.39474143191251493,0.524574626740729,0.5772375071427956,0.07781982104727908,267.2784150156413
268,0.3953322040579054,0.5269159889516333,0.5800325261996456,0.07801762073221852,268.2794577685089
269,0.3958955083058502,0.5292475823778475,0.5828245051510796,0.07821855565108436,269.28050052137644
270,0.3964309327201895,0.531566880283369,0.585613300471961,0.07842228477457244,270.28154327424403
271,0.39693842386620487,0.533871504186426,0.588398756706029,0.07862871014897388,271.2825860271116
272,0.39741867043863927,0.5361599795548874,0.591180703024355,0.07883825454122725,272.28362877997915
273,0.39787334979661904,0.5384360639032063,0.5939589676473008,0.0790514804246879,273.28467153284674
274,0.3983037763532206,0.5407054231849514,0.5967334025524336,0.0792686476069233,274.28571428571433
275,0.3987106948713041,0.5429705178168113,0.5995038583440779,0.07948975477460901,275.28675703858187
276,0.3990945294489932,0.5452314133723793,0.6022702042815659,0.07971460631934615,276.28779979144946
277,0.39945543357493285,0.5474868099934712,0.6050323072136277,0.07994292146242347,277.28884254431705
278,0.39979347488836503,0.549734649534893,0.6077900314680568,0.08017435606102938,278.2898852971846
279,0.40010871408844795,0.5519725416055914,0.6105432534938797,0.08040854801474881,279.2909280500522
280,0.40040116285226807,0.5541979607489206,0.6132918319542683,0.08064516241451268,280.29197080291976
281,0.4006711141855586,0.5564085130778117,0.6160356204672388,0.08088410395394265,281.2930135557873
282,0.4009193122555476,0.558602737804562,0.61877445441887,0.08112578729482463,282.2940563086549
283,0.4011466479672692,0.5607833797895353,0.621508177811914,0.08137074978334496,283.2950990615225
284,0.401353779950436,0.5629536815396503,0.6242366456629102,0.08161924415133606,284.29614181439
285,0.40154114389925194,0.5651145868697798,0.6269597162994388,0.08187126396641237,285.2971845672576
286,0.40170910977970026,0.5672655553224548,0.629677267823309,0.0821266179421027,286.29822732012514
287,0.4018579251407522,0.5694051137059325,0.6323891672521823,0.08238503571364386,287.2992700729927
288,0.4019878545380644,0.5715313735651238,0.6350952933532055,0.0826461773522536,288.3003128258603
289,0.40209916449216393,0.573642181035584,0.637795525359691,0.0829096940508166,289.30135557872785
290,0.40219211080076617,0.5757353462988682,0.6404897294471052,0.08317525847810359,290.30239833159544
291,0.402267208447907,0.577808808475194,0.6431777698630644,0.08344277938866755,291.30344108446303
292,0.40232539527987393,0.579861549914182,0.6458594926700827,0.08371265762638096,292.30448383733057
293,0.4023677389915361,0.5818974853129479,0.6485347588431482,0.08398540541041669,293.30552659019816
294,0.40239502837737623,0.5839210449040454,0.6512034256573088,0.08426126624638298,294.30656934306575
295,0.4024078569283917,0.5859339925701125,0.6538653698346282,0.08454022666782872,295.3076120959333
296,0.4024066759546132,0.587936302231785,0.6565204751650964,0.08482210405234265,296.30865484880087
297,0.4023918201894994,0.5899268322643005,0.6591686111275744,0.08510663839835343,297.30969760166846
298,0.40236362185665936,0.5919039098726175,0.661809677370319,0.0853934976156649,298.310740354536
299,0.4023223642762277,0.5938654996594924,0.6644435547777577,0.08568234771213343,299.3117831074036
300,0.40226833836437126,0.5958095159991741,0.667070122469816,0.08597287098581799,300.3128258602712
301,0.4022020452679868,0.5977339602311743,0.6696892542648892,0.08626498151905485,301.3138686131387
302,0.40212440326827154,0.5996377539649136,0.6723008170339837,0.08655906124991,302.3149113660063
303,0.4020364144213071,0.6015228411890063,0.6749046830002637,0.08685559760824635,303.31595411887383
304,0.40193880873895876,0.6033909352828961,0.6775007144036262,0.087154821988961,304.3169968717414
305,0.4018321285661407,0.6052423238353317,0.6800888126532334,0.08745671561980921,305.318039624609
306,0.40171673537839886,0.607076350742889,0.6826688613675889,0.08776110686460196,306.31908237747655
307,0.4015929135927056,0.6088917977070379,0.6852407518354241,0.08806774208416113,307.32012513034414
308,0.4014608910536692,0.6106871651898776,0.6878043917761373,0.08837630539089728,308.32116788321173
309,0.40132085935007317,0.6124608292418849,0.6903596683080871,0.08868647712456264,309.32221063607926
310,0.40117302427875084,0.6142111122627727,0.692906479171628,0.08899795129982488,310.32325338894685
311,0.4010177777607278,0.6159365067398924,0.695444708655272,0.08931064734919456,311.32429614181444
312,0.40085591688958333,0.6176365529244641,0.6979742463065238,0.08962492718721765,312.325338894682
313,0.4006883020411807,0.6193143337477284,0.7004949710080847,0.08994125233613268,313.32638164754957
314,0.4005155521790208,0.6209726524224588,0.7030067675355933,0.09025983633715433,314.32742440041716
315,0.4003380789103877,0.6226126072516048,0.7055095500039734,0.0905806613183676,315.3284671532847
316,0.4001561263009597,0.6242341481417849,0.7080032061578163,0.0909035650043073,316.3295099061523
317,0.3999698734566861,0.6258365184849586,0.7104876545233662,0.09122830290101931,317.3305526590199
318,0.39977942423238977,0.6274185801397393,0.7129628075946143,0.09155457683155115,318.3315954118874
319,0.39958486304921037,0.6289789992868934,0.7154285678512639,0.09188208170142814,319.332638164755
320,0.39938628216188465,0.6305163582481327,0.7178848478185592,0.09221052654941009,320.3336809176226
321,0.3991839559819982,0.6320293618607877,0.7203315459744064,0.09253983575542914,321.3347236704901
322,0.3989785436343696,0.6335173566560612,0.7227685748891156,0.09287035036464705,322.3357664233577
323,0.3987707643359563,0.6349809793548631,0.7251958187632447,0.09320250387882914,323.33680917622524
324,0.3985611144875912,0.636420623110865,0.727613192746837,0.09353649189311991,324.33785192909284
325,0.39834988201637805,0.6378361009466279,0.7300206181968245,0.09387229862240964,325.3388946819604
326,0.3981372070863896,0.6392268915932967,0.7324179937364255,0.09420977024770956,326.33993743482796
327,0.39792316290793817,0.6405921888420312,0.7348052638382194,0.09454867484259677,327.34098018769555
328,0.39770775179135215,0.6419311962247808,0.7371823420987307,0.09488873257645547,328.34202294056314
329,0.39749096539600287,0.6432430096341945,0.7395491608876911,0.09522965357577874,329.3430656934307
330,0.3972727982732231,0.6445267905770887,0.7419056373549854,0.09557116431579876,330.34410844629826
331,0.39705342571577906,0.6457818399165869,0.7442516895111847,0.09591319397307345,331.34515119916585
332,0.39683338382733,0.6470082188650135,0.7465872515698128,0.09625606217549285,332.3461939520334
333,0.39661327233971494,0.6482073867367834,0.7489122140160784,0.09660017258371573,333.347236704901
334,0.3963934767383577,0.6493805877866733,0.7512265248287999,0.09694570421702678,334.34827945776857
335,0.3961741892999743,0.6505283003239776,0.7535301055116879,0.09729264373346463,335.3493222106361
336,0.3959554679822957,0.651650649052156,0.755822885689906,0.09764084416946624,336.3503649635037
337,0.39573730261154594,0.6527473741610804,0.7581048185432037,0.0979900901697893,337.3514077163713
338,0.39551962450257994,0.653818152751657,0.760375823833907,0.09834011959885013,338.3524504692388
339,0.39530235184423995,0.6548625523049557,0.7626358656553658,0.09869066009462503,339.3534932221064
340,0.3950854111344385,0.6558801235269405,0.7648848672099227,0.09904145580717931,340.35453597497394
341,0.39486890171238487,0.6568705473581866,0.7671227669410519,0.09939244120749519,341.35557872784153
342,0.39465329844606734,0.6578338028944419,0.7693495099786286,0.099743914789145,342.3566214807091
343,0.3944392307554442,0.6587699119806313,0.7715650186563594,0.10009624750031375,343.35766423357666
344,0.3942271083570746,0.6596788777695252,0.7737692505301866,0.10044960511569515,344.35870698644425
345,0.39401711180312343,0.6605606632567362,0.7759621338873536,0.10080397529378678,345.35974973931184
346,0.39380926713136566,0.6614151918526758,0.778143631842273,0.10115921977667533,346.36079249217937
347,0.3936035110703755,0.6622423372868024,0.7803136993997691,0.10151514002241802,347.36183524504696
348,0.39339971346962194,0.6630420991374031,0.7824722791353756,0.10187149123708436,348.36287799791455
349,0.39319772574513495,0.6638144758973351,0.7846193499963429,0.10222802098166275,349.3639207507821
350,0.39299740244218234,0.6645594566263089,0.7867548486988147,0.1025844910469752,350.3649635036497
351,0.39279876145790305,0.6652772229551378,0.7888787342931012,0.10294084161177354,351.36600625651727
352,0.3926021690963799,0.6659682407207164,0.7909909588222102,0.10329734932453943,352.3670490093848
353,0.39240814095012344,0.666632987812747,0.7930914790793323,0.10365435382402725,353.3680917622524
354,0.39221698199789623,0.6672719648742055,0.7951802566523409,0.10401200770500257,354.36913451512
355,0.39202879357370385,0.6678855457298132,0.7972572380337042,0.10437029873605198,355.3701772679875
356,0.3918435377517113,0.6684740359419901,0.7993224087340112,0.10472909960987863,356.3712200208551
357,0.39166109171141167,0.6690377283144339,0.8013757246707249,0.10508822784602516,357.37226277372264
358,0.3914812767981309,0.6695769400279457,0.8034171616518949,0.10544745690100427,358.37330552659023
359,0.39130389956273326,0.6700919710610185,0.8054467013513409,0.10580655459368714,359.3743482794578
360,0.3911287723960739,0.6705831134278613,0.8074642995665751,0.10616530076561428,360.37539103232535
361,0.3909558638034607,0.6710508130548656,0.8094699331360792,0.10652364158488614,361.37643378519294
362,0.39078555707107915,0.6714956934853821,0.8114635636792719,0.10688183146913595,362.37747653806053
363,0.39061858430485735,0.6719184637298601,0.8134451770424691,0.10724018048463527,363.37851929092807
364,0.3904554366068075,0.672319682762493,0.815414734220138,0.10759882801037814,364.37956204379566
365,0.39029630504002305,0.6726998506999841,0.8173722151808015,0.10795776205310732,365.38060479666325
366,0.3901411773563526,0.6730594280216682,0.8193176115655082,0.1083168671614122,366.3816475495308
367,0.3899899177940769,0.6733987829306046,0.8212508839406418,0.10867597612075057,367.3826903023984
368,0.38984229353281075,0.673718340555971,0.823172041459984,0.10903488176953069,368.38373305526596
369,0.3896980533388551,0.6740184753797019,0.8250810654944765,0.10939337151715806,369.3847758081335
370,0.3895569341773209,0.6742995596955133,0.8269779330770998,0.10975124374535895,370.3858185610011
371,0.3894188157334468,0.6745620834025755,0.8288626305970945,0.11010845044337016,371.3868613138687
372,0.38928395779780545,0.6748067261783421,0.8307351464296167,0.11046522464177207,372.3879040667362
373,0.38915294417438967,0.6750342009084053,0.8325954745041457,0.11082184786871502,373.3889468196038
374,0.38902612946558685,0.675245070145948,0.8344435806751052,0.1111784463832885,374.3899895724714
375,0.38890360823526077,0.6754398596605785,0.8362794779019216,0.11153500971651224,375.3910323253389
376,0.38878529600010114,0.6756189911864198,0.8381031542291026,0.1118914335042613,376.3920750782065
377,0.38867098924429344,0.6757828461143589,0.8399145980479008,0.11224756582994945,377.39311783107405
378,0.3885604116456715,0.675931802374635,0.8417138265990004,0.1126032190536076,378.39416058394164
379,0.38845327207042335,0.6760661916919698,0.8435008261732374,0.11295819940352765,379.39520333680923
380,0.3883492695147901,0.6761863599893212,0.845275596739242,0.11331232413691389,380.39624608967677
381,0.3882482426975719,0.6762927379259046,0.8470381326986828,0.11366555075457485,381.39728884254436
382,0.3881504464565753,0.6763859476220523,0.8487884451375975,0.11401809202004308,382.39833159541195
383,0.3880565803328963,0.6764666128928916,0.8505265293523356,0.11437020192944934,383.3993743482795
384,0.38796709774859134,0.6765352402635931,0.8522523734943539,0.11472199442741675,384.40041710114707
385,0.3878821436028616,0.676592273132958,0.8539660033672173,0.11507346118403002,385.40145985401466
386,0.3878016515639859,0.6766380468107596,0.855667406747462,0.11542450797730414,386.4025026068822
387,0.38772540283209916,0.6766728861893216,0.8573566028484582,0.11577499873655872,387.4035453597498
388,0.3876531083154606,0.676697071246883,0.8590336086574935,0.11612476422537824,388.4045881126174
389,0.38758443894153666,0.676710856291717,0.8606984215534246,0.11647362925881924,389.4056308654849
390,0.3875190574798451,0.6767145083350945,0.8623510582297309,0.11682142959303521,390.4066736183525
391,0.3874567505908183,0.6767083680772534,0.8639915220116751,0.11716812807015951,391.4077163712201
392,0.3873976849773547,0.6766929583164031,0.8656198421847299,0.1175139182805005,392.4087591240876
393,0.38734242177654715,0.6766687909817014,0.8672360118787226,0.11785902774337349,393.4098018769552
394,0.387291304545877,0.6766362920518204,0.8688400497303602,0.11820355981843712,394.41084462982275
395,0.38724440880362326,0.6765957985646281,0.8704319822698643,0.11854750788376092,395.41188738269034
396,0.3872016143834099,0.6765475567095209,0.8720118008193032,0.1188907872746023,396.41293013555793
397,0.387162677823732,0.6764918116026685,0.8735795517333299,0.11923327788035203,397.41397288842546
398,0.3871272957617643,0.676428744820749,0.8751352439471788,0.11957482709885814,398.41501564129305
399,0.3870951245644301,0.6763585407994978,0.8766789039798959,0.11991527944046375,399.41605839416064
400,0.3870658258616983,0.6762813732068695,0.878210545371272,0.12025448703453456,400.4171011470282
401,0.38703917220043516,0.6761974985773404,0.8797301857222317,0.12059241838680712,401.41814389989577
402,0.38701530969268927,0.6761073375533189,0.8812378678364606,0.12092924896415988,402.41918665276336
403,0.3869947886986647,0.6760112996336658,0.8827335827041277,0.12126518117436472,403.4202294056309
404,0.38697795388007206,0.6759097256532177,0.8842173772652985,0.12160030938973955,404.4212721584985
405,0.38696488708252297,0.6758028566127058,0.8856892686416931,0.12193462765565423,405.4223149113661
406,0.38695547228544064,0.675690872719349,0.8871492764521836,0.12226806211533325,406.4233576642336
407,0.3869494762987589,0.6755739327113409,0.8885974459445192,0.12260050653983898,407.4244004171012
408,0.3869466086727653,0.675452144733631,0.890033785700913,0.12293182416820375,408.4254431699688
409,0.3869465297496869,0.6753256280005013,0.8914583478536501,0.1232618787630697,409.4264859228363
410,0.3869489114173236,0.6751944839043253,0.8928711442196686,0.12359053790395158,410.4275286757039
411,0.38695352107826625,0.6750588970463918,0.8942722048733824,0.12391777560142284,411.4285714285715
412,0.38696046477177354,0.6749191962447132,0.8956615736487246,0.12424374946834318,412.42961418143904
413,0.3869701976660492,0.6747757140736911,0.8970392633143554,0.12456864057974083,413.4306569343066
414,0.3869829999234825,0.6746287077929461,0.8984053228652573,0.12489253358547091,414.43169968717416
415,0.38699892046578604,0.6744783478469695,0.899759767115672,0.12521542328888163,415.43274244004175
416,0.3870178316774356,0.6743247577860669,0.9011026416069083,0.12553724672786348,416.43378519290934
417,0.38703951131981734,0.6741680305835928,0.9024339849672046,0.12585790987852144,417.4348279457769
418,0.38706368114267453,0.6740082237755077,0.903753817111998,0.1261772920574049,418.43587069864446
419,0.38709002629625466,0.6738454003811017,0.9050621993409337,0.12649527410178357,419.43691345151205
420,0.38711824138925066,0.6736796113046646,0.906359147496812,0.12681173862824274,420.4379562043796
421,0.3871481083613228,0.6735109848412896,0.9076447022938,0.1271266649121783,421.4389989572472
422,0.3871797058169519,0.6733397765378164,0.9089189035780489,0.12744019331713013,422.44004171011477
423,0.3872134083120632,0.6731662545894673,0.9101817883877159,0.12775248635220618,423.4410844629823
424,0.3872494427183736,0.672990610681536,0.9114334004656914,0.1280636189698483,424.4421272158499
425,0.38728783239690007,0.6728129645532023,0.9126737598620135,0.12837358727685474,425.4431699687175
426,0.3873284582763739,0.6726333937821019,0.913902928156529,0.12868233833091505,426.444212721585
427,0.38737112024383685,0.6724519453538357,0.9151209344716332,0.128989788677651,427.4452554744526
428,0.3874155659203424,0.6722686426722506,0.916327822148388,0.12929583450079898,428.4462982273202
429,0.38746151958068775,0.6720835063853287,0.9175236449606013,0.12960037068230001,429.44734098018773
430,0.3875087102280353,0.6718965534919992,0.9187084285844208,0.12990329469858827,430.4483837330553
431,0.3875569472110415,0.6717078702361676,0.9198822219025105,0.13020459068972348,431.44942648592286
432,0.3876063007843568,0.6715176561840498,0.9210450595512865,0.13050438276235157,432.45046923879045
433,0.38765709968690143,0.671326126028417,0.9221969993342212,0.13080281695728116,433.45151199165804
434,0.3877095433588758,0.671133422400673,0.9233380735718185,0.13109995843114897,434.45255474452557
435,0.387763650990547,0.670939629577393,0.9244683246103867,0.13139580667835574,435.45359749739316
436,0.3878193227065948,0.6707447897298843,0.9255878095239655,0.13169031611758325,436.45464025026075
437,0.38787638559203874,0.6705489202063112,0.9266965537937998,0.13198341330839364,437.4556830031283
438,0.3879346207397683,0.6703520199182709,0.9277946215531483,0.13227501050151177,438.4567257559959
439,0.38799379095615666,0.670154082316642,0.9288820573838648,0.13256501498238155,439.45776850886347
440,0.38805366087576193,0.6699551017489983,0.9299588975411129,0.13285333841209038,440.458811261731
441,0.3881140671836019,0.6697551335714372,0.9310251899081889,0.13313996829780259,441.4598540145986
442,0.38817505782253736,0.6695543365463852,0.9320809836358775,0.13342501664957532,442.4608967674662
443,0.38823687207076824,0.6693528803335581,0.9331263332147661,0.13370861182851404,443.4619395203337
444,0.388299642657548,0.669150872639497,0.9341612670645697,0.1339908108004192,444.4629822732013
445,0.38836336708177605,0.6689483707290351,0.9351858471904364,0.13427161669050747,445.4640250260689
446,0.38842795188719514,0.668745393055447,0.9362001200369598,0.1345509895494657,446.46506777893643
447,0.3884932457933371,0.6685419387032456,0.9372041233610932,0.1348288672505624,447.466110531804
448,0.38855906591752276,0.6683379892630628,0.9381979230399422,0.1351051747757788,448.46715328467155
449,0.3886252160797493,0.6681335221744514,0.9391815586988133,0.1353798310059726,449.46819603753914
450,0.3886915025190795,0.6679285173815883,0.940155077693367,0.13565276108869062,450.46923879040673
451,0.3887577965025627,0.667723008978861,0.9411185260807082,0.13592395541690572,451.47028154327427
452,0.38882415461070496,0.6675171232959757,0.9420719631941318,0.1361935149086353,452.47132429614186
453,0.3888907966371472,0.6673109953912083,0.9430154368782298,0.1364615514695412,453.47236704900945
454,0.3889578489920299,0.6671047073484279,0.9439489825344446,0.13672811616081904,454.473409801877
455,0.3890253224443722,0.6668982961813823,0.9448726679111655,0.13699321416943736,455.4744525547446
456,0.38909314785230403,0.6666917654813195,0.9457865302742962,0.13725681041603305,456.47549530761216
457,0.3891612052543409,0.6664851025455956,0.946690625056165,0.13751885439221354,457.4765380604797
458,0.3892293476623056,0.6662782787878613,0.9475850108928862,0.13777928128929695,458.4775808133473
459,0.38929741471002677,0.6660712628837472,0.9484697255790356,0.13803802085869682,459.4786235662149
460,0.3893652480362902,0.6658640262096867,0.9493448258180367,0.13829501065775948,460.4796663190824
461,0.38943274515640575,0.6656565885241461,0.950210355890012,0.13855024362850352,461.48070907195
462,0.38949994751925926,0.6654490506231545,0.9510663814044301,0.13880381046428233,462.4817518248176
463,0.38956700424640317,0.6652415209646427,0.9519129406684523,0.13905580770415316,463.4827945776851
464,0.389633993549184,0.6650340620653463,0.9527500859885514,0.13930628306479736,464.4838373305527
465,0.3897009095952941,0.6648266967924583,0.9535778781557029,0.13955524182984397,465.4848800834203
466,0.38976768813436324,0.6646194197477759,0.9543963492211655,0.13980265358974575,466.48592283628784
467,0.3898342311717284,0.6644122108422704,0.9552055698055937,0.14004847862445413,467.48696558915543
468,0.3899004188168603,0.6642050366584024,0.9560055847452994,0.14029265985106346,468.48800834202297
469,0.38996612541232506,0.66399786179321,0.9567964479876425,0.14053514012847362,469.48905109489056
470,0.3900312268808985,0.6637906532505793,0.9575782064313981,0.14077586506548861,470.49009384775815
471,0.3900956493530617,0.6635834212949014,0.9583509085514554,0.14101483094222417,471.4911366006257
472,0.39015944291408855,0.6633762467124706,0.9591146227754439,0.1412521189733158,472.49217935349327
473,0.39022275011164187,0.6631692173263322,0.9598693791890839,0.14148781195279292,473.49322210636086
474,0.3902856509668863,0.6629623804840112,0.9606152445462397,0.14172195498646262,474.4942648592284
475,0.39034815251525334,0.6627557497442265,0.961352266518817,0.14195455211517066,475.495307612096
476,0.3904102124512753,0.6625493141380037,0.9620804902727553,0.1421855801854086,476.4963503649636
477,0.39047175798548356,0.6623430498925456,0.9627999808739784,0.1424150061034872,477.4973931178311
478,0.3905326958743174,0.6621369222318175,0.9635107763051851,0.14264278042544895,478.4984358706987
479,0.3905929292902943,0.6619308943655426,0.9642129433375527,0.14286885779751238,479.4994786235663
480,0.39065235996520237,0.661724932222249,0.9649065213107983,0.14309319113425065,480.5005213764338
481,0.3907109330275636,0.6615190397995034,0.9655915618666555,0.14331577968282128,481.5015641293014
482,0.3907686893016598,0.6613132823358584,0.9662681286490317,0.14353669495092738,482.502606882169
483,0.390825725536992,0.6611077310586,0.9669362585841619,0.14375601015855857,483.50364963503654
484,0.3908820907050081,0.6609024220219437,0.9675960168023588,0.14397376578679483,484.50469238790413
485,0.39093778325709294,0.6606973626735053,0.9682474425902895,0.1441899651662423,485.50573514077166
486,0.39099276552874407,0.6604925387810184,0.968890594216321,0.14440459219276572,486.50677789363925
487,0.3910469789797036,0.6602879255620143,0.9695255271402013,0.14461761868377457,487.50782064650684
488,0.39110035070479426,0.660083488852684,0.970152279175139,0.1448290030861801,488.5088633993744
489,0.39115280675718817,0.6598791925344627,0.9707709211272567,0.14503870934744628,489.50990615224197
490,0.39120427240310196,0.6596750034011256,0.9713814887721318,0.14524669742815807,490.51094890510956
491,0.3912547111552498,0.6594709214832525,0.9719840359283541,0.1454529691586789,491.5119916579771
492,0.39130416954114106,0.6592669999184423,0.972578617714768,0.14565758655834354,492.5130344108447
493,0.39135273970038603,0.6590632964177229,0.9731652830442108,0.14586061584711318,493.5140771637123
494,0.3914004726359788,0.658859838770948,0.9737440886957793,0.14606209212249086,494.5151199165798
495,0.39144737718604866,0.6586566303604474,0.9743150698299111,0.1462620186245035,495.5161626694474
496,0.39149342959893435,0.6584536554844796,0.9748782937249991,0.14646038529058236,496.517205422315
497,0.39153858735345776,0.6582508900414417,0.9754338032403286,0.14665716726370315,497.5182481751825
498,0.39158279711772437,0.6580483014300332,0.9759816480503322,0.14685233254649657,498.5192909280501
499,0.39162600228342104,0.6578458558170767,0.976521888489814,0.1470458504770757,499.5203336809177
500,0.39166814558508734,0.6576435218947805,0.9770545626126114,0.14723768837942255,500.52137643378524
501,0.39170920227344674,0.657441297347083,0.9775797254781492,0.14742785027918237,501.5224191866528
502,0.39174921193342627,0.6572392257741354,0.9780974225117585,0.1476163892794638,502.5234619395204
503,0.3917882388520373,0.6570373539989757,0.9786077134333183,0.14780336586045578,503.52450469238795
504,0.39182631919983874,0.6568357037904446,0.9791106419941435,0.14798880915230206,504.52554744525554
505,0.3918634557380644,0.6566342754613799,0.9796062545642163,0.1481727253786849,505.5265901981231
506,0.39189962790423616,0.656433053553533,0.9800946104075279,0.14835510670236132,506.52763295099066
507,0.39193480300486755,0.6562320153903103,0.9805757459400797,0.1485359319621705,507.52867570385826
508,0.3919689408606669,0.6560311307151357,0.9810497207174913,0.14871517770386192,508.5297184567258
509,0.39200199760168913,0.6558303687005712,0.9815165845279669,0.14889281757609313,509.5307612095934
510,0.3920339310938723,0.6556297005689355,0.9819763785395297,0.14906882571087063,510.53180396246097
511,0.39206472695023503,0.6554291228691753,0.9824291533738474,0.1492432068564293,511.5328467153285
512,0.39209442520653304,0.6552286713182287,0.9828749587649073,0.14941600910020605,512.5338894681961
513,0.3921230870731748,0.6550283842911618,0.9833138492667508,0.14958728490758236,513.5349322210636
514,0.3921507492972894,0.6548282788946304,0.9837458617017121,0.14975705906400372,514.5359749739313
515,0.3921774196902308,0.654628353543644,0.9841710517536996,0.14992534055979576,515.5370177267988
516,0.39220308518057273,0.6544285937676205,0.9845894684255998,0.15009212268552546,516.5380604796663
517,0.39222772471752293,0.6542289786234746,0.9850011501704945,0.15025738916894552,517.539103232534
518,0.39225130820188664,0.6540294808545759,0.9854061565457312,0.1504211223039698,518.5401459854015
519,0.3922738021889232,0.6538300728520307,0.985804529621966,0.15058329971251003,519.541188738269
520,0.3922951757097441,0.6536307286922753,0.9861963142831385,0.15074390180554248,520.5422314911367
521,0.39231542079095305,0.6534314445038526,0.9865815563160495,0.15090293369124116,521.5432742440042
522,0.3923345703082055,0.6532322497002276,0.9869603086722769,0.15106043908329214,522.5443169968718
523,0.3923526733318887,0.653033175896948,0.9873326186424978,0.1512164628709416,523.5453597497394
524,0.3923697562890642,0.6528342365078094,0.987698521820463,0.1513710271130784,524.546402502607
525,0.3923858236229708,0.6526354290348583,0.988058076735743,0.15152414223529953,525.5474452554745
526,0.39240086716398714,0.6524367403195063,0.9884113222026859,0.15167580208413906,526.5484880083421
527,0.39241486964813443,0.6522381513403217,0.9887583051704019,0.15182599628868096,527.5495307612097
528,0.3924278087345918,0.6520396381008781,0.9890990775421895,0.15197471040518462,528.5505735140772
529,0.3924396588864886,0.651841176188756,0.9894336759853989,0.15212192573657649,529.5516162669448
530,0.39245039777260277,0.6516427426610173,0.9897621495057575,0.15226762847062725,530.5526590198124
531,0.39246002190816154,0.6514443336602372,0.990084539243609,0.152411823869777,531.5537017726799
532,0.3924685637845269,0.6512459735768595,0.9904008991314899,0.15255455151580058,532.5547445255474
533,0.3924760678549338,0.6510476885681036,0.9907112672164213,0.15269584903054048,533.5557872784151
534,0.39248255964002005,0.6508494890878052,0.9910156871478587,0.1528357383179231,534.5568300312826
535,0.3924880453657248,0.6506513724436789,0.9913142099157124,0.15297422879143105,535.5578727841502
536,0.3924925225097331,0.6504533268367506,0.991606868299344,0.15311131532158156,536.5589155370178
537,0.39249597872482844,0.6502553353937384,0.9918937161606359,0.15324699271528208,537.5599582898853
538,0.392498396957746,0.6500573772567685,0.9921747942184087,0.15338124814621557,538.5610010427529
539,0.39249975976746704,0.6498594310573721,0.9924501458048469,0.15351406891033864,539.5620437956205
540,0.3925000494981528,0.6496614768607246,0.9927198119710788,0.1536454434113912,540.5630865484881
541,0.3924992656343047,0.6494635110664458,0.9929838335446572,0.15377537792689966,541.5641293013556
542,0.3924974375696388,0.6492655540464997,0.9932422636037933,0.15390390810897234,542.5651720542232
543,0.39249460112893614,0.6490676274510099,0.9934951324701773,0.1540310653236484,543.5662148070908
544,0.3924907762874589,0.648869739587699,0.9937424903317407,0.15415687143134651,544.5672575599583
545,0.3924859702024593,0.6486718878346903,0.9939843781703815,0.15428133405045655,545.568300312826
546,0.3924801811141428,0.6484740617225424,0.9942208324240868,0.15440445107864845,546.5693430656935
547,0.39247339960257344,0.6482762466665579,0.9944519032601193,0.154526219543671,547.570385818561
548,0.39246561258193263,0.6480784246436199,0.9946776241318697,0.1546466284812804,548.5714285714287
549,0.3924568083914806,0.6478805772617561,0.9948980441248466,0.154765670483502,549.5724713242962
550,0.3924469730515564,0.647682687352624,0.9951131972366405,0.15488333574634924,550.5735140771637
551,0.39243610829186604,0.6474847517577618,0.9953231239679743,0.15499963141978323,551.5745568300314
552,0.39242424146103705,0.6472867876065697,0.9955278729598077,0.1551145888654997,552.5755995828989
553,0.39241140404152586,0.6470888128205969,0.9957274745073648,0.1552282357215588,553.5766423357665
554,0.3923976142062255,0.6468908341870155,0.9959219776353408,0.15534059224807073,554.5776850886341
555,0.39238288069592403,0.6466928492429826,0.9961114154051072,0.15545166460113952,555.5787278415016
556,0.39236720317146573,0.6464948489322122,0.9962958302878391,0.15556145410570507,556.5797705943692
557,0.39235057447514016,0.6462968208052817,0.9964752651124346,0.15566995862105984,557.5808133472368
558,0.39233298645302694,0.6460987494010797,0.99664974939497,0.1557771693176633,558.5818561001043
559,0.3923144300746313,0.6459006191504467,0.9968193346797664,0.15588308279596083,559.5828988529719
560,0.3922948948202984,0.645702415382124,0.9969840501748861,0.15598769106678056,560.5839416058395
561,0.3922743837178523,0.6455041355282818,0.9971439357290398,0.15609100194290415,561.5849843587071
562,0.392252921353746,0.6453057965494811,0.9972990329784959,0.15619304225357583,562.5860271115746
563,0.39223053400414265,0.6451074190761302,0.9974493776689642,0.15629383794060833,563.5870698644422
564,0.3922072391112785,0.6449090132659336,0.9975950121741991,0.15639340646439823,564.5881126173098
565,0.39218304436062323,0.6447105796686275,0.9977359642296068,0.15649175304618912,565.5891553701773
566,0.3921579503065419,0.6445121119544673,0.9978722810909859,0.15658888196312226,566.590198123045
567,0.39213195153818436,0.6443135999434562,0.9980039958639282,0.1566847908055155,567.5912408759125
568,0.3921050432785,0.6441150303414717,0.9981311436833262,0.15677947496233288,568.59228362878
569,0.3920772183090788,0.6439163894092103,0.9982537680215017,0.1568729318010698,569.5933263816476
570,0.3920484688824409,0.643717663818839,0.9983718977906446,0.1569651558747585,570.5943691345152
571,0.3920187987864219,0.6435188504952061,0.9984855719243281,0.1570561554744445,571.5954118873827
572,0.391988229742346,0.6433199627115221,0.9985948247628653,0.15714595315484925,572.5964546402503
573,0.3919567842601294,0.6431210166151078,0.9986996968654869,0.1572345735799454,573.5974973931179
574,0.39192447883166853,0.6429220196218224,0.998800221432588,0.15732203085884208,574.5985401459855
575,0.39189132032102864,0.642722971083225,0.9988964308262026,0.15740833183929198,575.599582898853
576,0.39185730941671654,0.6425238646090089,0.9989883665615407,0.15749348078501862,576.6006256517206
577,0.39182244365366636,0.6423246907299281,0.9990760563131375,0.1575774757355297,577.6016684045882
578,0.39178671937213955,0.6421254374270284,0.9991595396934758,0.1576603156845105,578.6027111574557
579,0.39175013108335555,0.6419260923152283,0.9992388524877596,0.15774199837246777,579.6037539103233
580,0.39171267342413263,0.641726643500293,0.9993140239990941,0.15782252071739047,580.6047966631909
581,0.39167435058643585,0.6415270879789928,0.9993850896955943,0.15790189067716096,581.6058394160584
582,0.39163518150304977,0.6413274416671615,0.999452083554155,0.15798012874185954,582.6068821689261
583,0.39159518764444406,0.6411277291211008,0.9995150432990201,0.15805725667288628,583.6079249217936
584,0.3915543838645705,0.6409279650894235,0.9995739961888525,0.15813328618756525,584.6089676746611
585,0.3915127770422765,0.6407281539596582,0.999628978831976,0.15820822569026907,585.6100104275288
586,0.3914703681393711,0.6405282925750723,0.999680025875444,0.15828207885225315,586.6110531803963
587,0.39142715699444053,0.6403283736020277,0.9997271634666485,0.15835484491795224,587.6120959332638
588,0.391383140800075,0.6401283860356568,0.9997704315567957,0.1584265250587745,588.6131386861315
589,0.3913383151572223,0.6399283180142695,0.9998098597321002,0.15849711736732852,589.614181438999
590,0.3912926766746841,0.6397281575587463,0.9998454782003082,0.1585666209582424,590.6152241918666
591,0.3912462296069614,0.6395278999793708,0.9998773184177528,0.15863504318168317,591.6162669447342
592,0.39119898950313525,0.6393275563561232,0.9999054152249935,0.15870240313036058,592.6173096976017
593,0.3911509760851322,0.6391271448846535,0.9999298013318805,0.15876871938625037,593.6183524504693
594,0.3911022017039441,0.6389266755020535,0.9999505007456468,0.1588340021136494,594.6193952033369
595,0.39105267202045985,0.6387261495751401,0.9999675520997863,0.1588982606759321,595.6204379562045
596,0.39100238940629733,0.6385255623028682,0.9999809825143452,0.15896149771215398,596.621480709072
597,0.3909513537976028,0.6383249055956604,0.9999908221225751,0.15902371499349766,597.6225234619396
598,0.39089956336495085,0.6381241684332056,0.9999971053216137,0.1590849139095128,598.6235662148072
599,0.39084701455029475,0.6379233391131566,0.9999998576545646,0.1591450931527664,599.6246089676747
600,0.3907937057086688,0.6377224061903609,0.9999991105967098,0.15920425387215534,600.6256517205424
601,0.39073964067196537,0.6375213645283355,0.9999948919335585,0.15926240279722118,601.6266944734099
602,0.3906848341235438,0.6373202271704793,0.9999872361904409,0.15931955756862096,602.6277372262774
603,0.3906293043572482,0.6371190186053631,0.9999761696910846,0.15937573345953043,603.6287799791451
604,0.39057306334105923,0.6369177541324845,0.9999617202212451,0.15943094118583231,604.6298227320126
605,0.39051611654734336,0.6367164386105698,0.999943921065676,0.15948518895571678,605.6308654848801
606,0.390458467608487,0.6365150697761967,0.9999227949994495,0.15953847906039664,606.6319082377477
607,0.3904001169849273,0.6363136404262929,0.9998983752639425,0.15959081539289402,607.6329509906153
608,0.3903410629871514,0.636112140709411,0.9998706893873099,0.15964219885834577,608.6339937434828
609,0.39028130417747514,0.6359105589349837,0.9998397646070105,0.15969263014098842,609.6350364963504
610,0.3902208387705821,0.6357088834700035,0.9998056282259985,0.15974211059793153,610.636079249218
611,0.3901596703911803,0.635507107858032,0.9997683065780897,0.15979064689559394,611.6371220020856
612,0.3900978122054358,0.6353052407610993,0.9997278329435456,0.15983825518115524,612.6381647549531
613,0.3900352794549666,0.6351033003228439,0.9996842283827271,0.159884947947507,613.6392075078207
614,0.38997208200585814,0.6349012969195045,0.9996375236266082,0.15993073637127558,614.6402502606883
615,0.3899082252833167,0.6346992323582767,0.9995877458589031,0.159975627197561,615.6412930135558
616,0.3898437125836254,0.634497102776776,0.9995349179406385,0.16001962350248794,616.6423357664235
617,0.3897785445308147,0.6342949003012691,0.9994790715076154,0.16006272978034683,617.643378519291
618,0.38971271950961084,0.6340926149143826,0.9994202288097142,0.16010494663143116,618.6444212721585
619,0.38964623777753854,0.63389023545946,0.9993584196876337,0.16014627680296403,619.6454640250262
620,0.38957909755588865,0.6336877507567118,0.9992936666126084,0.16018672141505574,620.6465067778937
621,0.3895113024475352,0.6334851543526946,0.9992259950403211,0.16022628718061538,621.6475495307612
622,0.38944286490326663,0.6332824567276242,0.9991554354946413,0.1602649884902852,622.6485922836289
623,0.38937379953799367,0.6330796807977828,0.9990820071395583,0.16030283623165573,623.6496350364964
624,0.3893041158440148,0.6328768410242588,0.9990057405255935,0.16033984123398712,624.650677789364
625,0.3892338201178946,0.6326739420003452,0.9989266573090199,0.16037600886155354,625.6517205422316
626,0.3891629156348722,0.6324709817395029,0.998844783129878,0.1604113436774401,626.6527632950991
627,0.38909140326136743,0.6322679537431779,0.9987601451039206,0.16044584974238232,627.6538060479667
628,0.38901928248572737,0.6320648486202151,0.9986727618272311,0.16047952760528175,628.6548488008343
629,0.38894655375523546,0.6318616557664546,0.9985826647798592,0.16051238162149598,629.6558915537018
630,0.388873215675458,0.6316583641075002,0.9984898727714521,0.16054441280744602,630.6569343065694
631,0.38879927151779986,0.6314549664661584,0.9983944102955338,0.16057562784884014,631.657977059437
632,0.3887247322445776,0.6312514697308034,0.9982963034185799,0.16060603900808632,632.6590198123046
633,0.38864960987631536,0.6310478910515074,0.9981955737674685,0.16063565705831065,633.6600625651721
634,0.388573912309943,0.6308442404433737,0.9980922475511839,0.16066449129597152,634.6611053180397
635,0.38849764557860744,0.6306405198264006,0.9979863429179711,0.16069254624014115,635.6621480709073
636,0.3884208123341488,0.6304367259940112,0.997877887616045,0.16071982767619897,636.6631908237748
637,0.38834341306702047,0.6302328519294782,0.9977669028674461,0.16074633863789056,637.6642335766425
638,0.38826544848896677,0.6300288885256685,0.9976534096763061,0.16077208129189008,638.66527632951
639,0.3881869187968311,0.6298248257259009,0.9975374347324736,0.16079705948562423,639.6663190823775
640,0.38810782317251424,0.6296206532002128,0.9974189960296926,0.16082127482245903,640.6673618352452
641,0.38802816473961144,0.6294163641460111,0.997298117038793,0.1608447339001651,641.6684045881127
642,0.387947953913704,0.6292119670686442,0.9971748193474819,0.16086744694891192,642.6694473409802
643,0.3878672023040084,0.6290074825522405,0.99704912672013,0.16088942471038353,643.6704900938478
644,0.3877859182797875,0.628802923648315,0.9969210601085271,0.1609106746876549,644.6715328467154
645,0.3877041078373614,0.6285982944922439,0.9967906387754402,0.16093120192293753,645.672575599583
646,0.3876217737718365,0.6283935933826706,0.9966578877890147,0.16095101189675828,646.6736183524505
647,0.3875389170111942,0.6281888146782407,0.9965228245968906,0.16097010710642634,647.6746611053181
648,0.38745553876114336,0.6279839500084874,0.9963854722385918,0.16098849111119265,648.6757038581857
649,0.3873716391707138,0.6277789900044257,0.9962458527247524,0.16100616710509758,649.6767466110532
650,0.3872872178721304,0.6275739247707561,0.9961039837699931,0.1610231373130346,650.6777893639209
651,0.3872022776367401,0.6273687472687385,0.9959598868043928,0.16103940788991564,651.6788321167884
652,0.38711682749229065,0.6271634631512598,0.9958135819430771,0.1610549880561908,652.6798748696559
653,0.387030876663652,0.6269580880078438,0.9956650918371358,0.16106988765750235,653.6809176225236
654,0.38694443297179426,0.6267526310367056,0.9955144334568231,0.16108411280572005,654.6819603753911
655,0.38685750121997936,0.6265470942390287,0.9953616280033276,0.16109766931763617,655.6830031282586
656,0.38677008351550934,0.6263414749965527,0.9952066966329914,0.1611105618940576,656.6840458811263
657,0.3866821815249218,0.6261357673343579,0.9950496547391884,0.16112279291168205,657.6850886339938
658,0.3865937961751081,0.6259299634577521,0.9948905260071451,0.16113436679172816,658.6861313868613
659,0.38650492761478406,0.6257240545762348,0.9947293284187486,0.16114528612387966,659.687174139729
660,0.3864155760681923,0.6255180317248205,0.9945660797486802,0.16115555375287063,660.6882168925965
661,0.38632574408146686,0.6253118884517503,0.9944007988600473,0.16116517518427656,661.6892596454641
662,0.3862354402931742,0.6251056317580946,0.9942335060524223,0.1611741592440733,662.6903023983317
663,0.3861446738047915,0.6248992795591942,0.994064221048142,0.1611825144079085,663.6913451511992
664,0.3860534527211604,0.6246928432646526,0.9938929580311007,0.1611902457820661,664.6923879040668
665,0.38596178186553726,0.6244863264979305,0.9937197396300539,0.16119735979948438,665.6934306569344
666,0.38586966336362966,0.6242797280276798,0.9935445823255545,0.16120386004785026,666.694473409802
667,0.38577709945368727,0.6240730429481146,0.99336750337774,0.16120974993600834,667.6955161626695
668,0.3856840911186785,0.6238662644131159,0.993188523092212,0.16121503337853152,668.6965589155371
669,0.3855906383570535,0.6236593842892265,0.9930076569785152,0.16121971272566568,669.6976016684047
670,0.385496741900198,0.623452394266083,0.9928249231122167,0.16122379142945256,670.6986444212722
671,0.3854024039542263,0.6232452879737272,0.9926403380524842,0.16122727439142884,671.6996871741399
672,0.38530763165887166,0.6230380701838051,0.9924539216739421,0.16123016993533978,672.7007299270074
673,0.3852124329390378,0.6228307546284162,0.992265689926393,0.1612324849661139,673.7017726798749
674,0.38511681460437397,0.6226233494593396,0.9920756586567552,0.16123422501734333,674.7028154327426
675,0.38502078047253024,0.622415856721626,0.9918838473783446,0.16123539568576314,675.7038581856101
676,0.3849243327657118,0.6222082743474503,0.9916902699131082,0.16123600000538582,676.7049009384776
677,0.3848274735189356,0.622000597579243,0.9914949449176014,0.16123604221738955,677.7059436913452
678,0.38473020343599323,0.6217928199041894,0.991297888939386,0.16123552549822787,678.7069864442128
679,0.38463252308292695,0.6215849340129552,0.991099117440962,0.16123445264454947,679.7080291970804
680,0.3845344330867815,0.6213769324816522,0.9908986466335007,0.16123282694020644,680.7090719499479
681,0.38443593561153794,0.6211688096316457,0.9906964917891115,0.16123065297970302,681.7101147028155
682,0.38433703750202847,0.6209605712983387,0.9904926718896512,0.16122793850177014,682.7111574556831
683,0.38423774679297495,0.620752232687292,0.9902871997709953,0.16122468910051624,683.7122002085506
684,0.3841380702981769,0.6205438035086541,0.9900800926055181,0.161220910669659,684.7132429614182
685,0.3840380117782758,0.6203352869979872,0.9898713665832893,0.16121660786542966,685.7142857142858
686,0.38393757393363726,0.620126682203994,0.9896610346714174,0.1612117836933241,686.7153284671533
687,0.38383675870644013,0.6199179853609057,0.9894491150763207,0.16120644258426464,687.716371220021
688,0.38373556668460507,0.6197091907409761,0.9892356210587079,0.16120058703214904,688.7174139728885
689,0.38363399903576684,0.6195002918840832,0.9890205692635079,0.16119422061468539,689.718456725756
690,0.38353205607275165,0.6192912819197638,0.9888039730239582,0.1611873460375464,690.7194994786237
691,0.3834297399223749,0.6190821554865127,0.9885858469153246,0.16117996776023844,691.7205422314912
692,0.3833270560643196,0.61887291669625,0.9883662084603377,0.16117209280467507,692.7215849843587
693,0.38322401177466225,0.6186635773435081,0.9881450686307578,0.161163725903051,693.7226277372264
694,0.38312061255286906,0.6184541444736585,0.9879224448806044,0.16115487300104492,694.7236704900939
695,0.38301686132333745,0.6182446201279793,0.9876983500298869,0.1611455377627124,695.7247132429615
696,0.3829127610076332,0.6180350027510879,0.9874727983177558,0.16113572382437436,696.7257559958291
697,0.38280831309278884,0.617825288772565,0.987245805318636,0.16112543504079166,697.7267987486966
698,0.38270351803883984,0.6176154728632118,0.9870173821597321,0.16111467352223788,698.7278415015642
699,0.382598377433663,0.6174055493960927,0.98678754615763,0.16110344340985425,699.7288842544318
700,0.3824928914593514,0.6171955122602294,0.9865563084561063,0.16109174698512146,700.7299270072994
701,0.38238706219012275,0.6169853568120018,0.9863236829187468,0.16107958855317495,701.7309697601669
702,0.3822808949656551,0.6167750879613497,0.9860896845450784,0.16106697410638107,702.7320125130345
703,0.38217439704386336,0.6165647183608544,0.985854325401356,0.16105390853423568,703.7330552659021
704,0.3820675739192032,0.6163542561281389,0.985617620433222,0.16104039693092895,704.7340980187696
705,0.3819604286119076,0.6161437041542434,0.9853795804278983,0.1610264423776888,705.7351407716372
706,0.3818529641723215,0.6159330617686946,0.9851402205409916,0.1610120490059593,706.7361835245048
707,0.38174518190829315,0.615722326252616,0.9848995532381155,0.16099721987605517,707.7372262773723
708,0.38163708275468716,0.6155114929408152,0.9846575901827885,0.16098195754496392,708.73826903024
709,0.3815286680254265,0.6153005570070695,0.9844143465522475,0.16096626573457662,709.7393117831075
710,0.3814199380041397,0.6150895129031471,0.9841698326571403,0.1609501466960568,710.740354535975
711,0.3813108946080919,0.614878356364101,0.9839240616565073,0.1609336045701903,711.7413972888427
712,0.3812015422658959,0.6146670909759021,0.9836770460512003,0.16091664435190745,712.7424400417102
713,0.381091887346464,0.6144557266675456,0.9834287988362798,0.160899271084693,713.7434827945777
714,0.3809819341157071,0.614244269413349,0.9831793321962798,0.16088148892290136,714.7445255474453
715,0.38087168559375106,0.6140327212235932,0.9829286568282457,0.1608633009948619,715.7455683003129
716,0.38076114425815427,0.6138210809691524,0.982676786819201,0.16084471124489966,716.7466110531805
717,0.3806503110890235,0.6136093461695775,0.9824237323354647,0.16082572215555577,717.747653806048
718,0.3805391874556348,0.6133975125772149,0.9821695059426699,0.1608063368199328,718.7486965589156
719,0.38042777433853575,0.6131855760283894,0.9819141202235098,0.16078655833101532,719.7497393117832
720,0.3803160722259144,0.6129735317155248,0.9816575851495349,0.16076638903466317,720.7507820646507
721,0.38020408294919705,0.6127613760079069,0.9813999128266337,0.160745832778371,721.7518248175184
722,0.38009181078164855,0.612549113057973,0.9811411143902778,0.1607248939618646,722.7528675703859
723,0.3799792620843187,0.6123367532331934,0.9808812025486318,0.16070357741327426,723.7539103232534
724,0.3798664410755804,0.6121243032315128,0.980620187114105,0.1606818864710281,724.7549530761211
725,0.37975335091173956,0.6119117656416012,0.9803580796412109,0.1606598246265024,725.7559958289886
726,0.37963999401944065,0.6116991400392727,0.9800948921720825,0.16063739527805784,726.7570385818561
727,0.37952637131953537,0.6114864245631654,0.9798306332466448,0.16061460051599719,727.7580813347238
728,0.37941248445418047,0.6112736157001086,0.9795653160410829,0.16059144384515509,728.7591240875913
729,0.37929833415196146,0.6110607097918548,0.9792989507823789,0.16056792775886822,729.7601668404589
730,0.3791839210738952,0.6108477026420706,0.9790315473020277,0.16054405473368843,730.7612095933265
731,0.3790692467583155,0.6106345909804096,0.9787631162439379,0.1605198281716246,731.762252346194
732,0.37895431510151595,0.610421377948506,0.9784936687272312,0.16049525236073453,732.7632950990616
733,0.37883913133012315,0.6102080717743217,0.9782232157865983,0.16047033146571626,733.7643378519292
734,0.37872369881025897,0.6099946774572825,0.9779517656789936,0.16044506828191252,734.7653806047967
735,0.3786080206477471,0.6097811969092464,0.9776793305468126,0.16041946657387166,735.7664233576643
736,0.3784920986263235,0.609567629459827,0.9774059198953196,0.16039352899225298,736.7674661105319
737,0.3783759339373674,0.6093539733454001,0.9771315431048704,0.1603672580523494,737.7685088633995
738,0.37825952797985346,0.6091402255877713,0.9768562114710169,0.1603406567900456,738.769551616267
739,0.37814288135297824,0.6089263829255644,0.9765799338456961,0.1603137273923966,739.7705943691346
740,0.3780259949605255,0.6087124418786816,0.976302720062156,0.16028647249049016,740.7716371220022
741,0.3779088702288302,0.6084983997024155,0.976024579457964,0.16025889508103003,741.7726798748697
742,0.37779151089975477,0.6082842599167078,0.9757455228313655,0.1602309992604025,742.7737226277374
743,0.37767392217816514,0.6080700309191764,0.9754655592813608,0.16020278845110467,743.7747653806049
744,0.3775561073939468,0.6078557181877676,0.9751846974098077,0.16017426556211808,744.7758081334724
745,0.3774380696785778,0.6076413240127692,0.9749029480250141,0.16014543396535066,745.7768508863401
746,0.37731981069399095,0.6074268482590968,0.9746203190380709,0.16011629585833556,746.7778936392076
747,0.3772013318606175,0.6072122896542875,0.9743368204202338,0.16008685408405554,747.7789363920751
748,0.37708263439167056,0.6069976458171585,0.9740524615516496,0.160057111160404,748.7799791449428
749,0.37696371893800856,0.6067829138806552,0.973767250804155,0.16002706924931254,749.7810218978103
750,0.3768445864166997,0.6065680909262811,0.9734811972819377,0.15999673086035274,750.7820646506779
751,0.3767252380636331,0.6063531745180183,0.9731943094372911,0.1599660987207612,751.7831074035454
752,0.3766056772701618,0.6061381674077239,0.9729065975176815,0.15993517667399854,752.784150156413
753,0.3764859082097282,0.6059230763325762,0.9726180689288636,0.15990396749084654,753.7851929092806
754,0.37636593390132334,0.6057079054405513,0.9723287328312755,0.15987247428006365,754.7862356621481
755,0.37624575702352037,0.6054926564925572,0.9720385983432325,0.1598406998823101,755.7872784150157
756,0.3761253788571772,0.6052773292689791,0.9717476725217683,0.15980864627928257,756.7883211678833
757,0.376004801015232,0.605061922502045,0.9714559653191238,0.1597763164179461,757.7893639207508
758,0.3758840243438041,0.6048464342171013,0.9711634842480442,0.15974371228115225,758.7904066736185
759,0.37576304980798775,0.604630862041523,0.9708702381785687,0.15971083633155195,759.791449426486
760,0.3756418781190541,0.6044152034825856,0.9705762346423877,0.1596776906357255,760.7924921793535
761,0.3755205105403555,0.6041994565847757,0.9702814816377157,0.15964427779662083,761.7935349322212
762,0.3753989503139592,0.6039836243298448,0.9699859886866381,0.1596106013570419,762.7945776850887
763,0.3752772015765386,0.6037677134642109,0.9696897618633142,0.15957666356778058,763.7956204379562
764,0.3751552673085412,0.6035517284433621,0.9693928106529603,0.15954246766641902,764.7966631908239
765,0.3750331501420506,0.6033356712620268,0.9690951422892355,0.15950801587619598,765.7977059436914
766,0.3749108512945225,0.6031195420925313,0.9687967643699215,0.15947331044580346,766.798748696559
767,0.37478837249419755,0.6029033400526824,0.9684976854234068,0.15943835391348374,767.7997914494266
768,0.37466571438281704,0.60268706357823,0.9681979118125599,0.1594031479532266,768.8008342022941
769,0.3745428781270885,0.6024707107466751,0.9678974526410231,0.15936769522380903,769.8018769551617
770,0.374419864291079,0.6022542794019851,0.9675963142424077,0.15933199745689358,770.8029197080293
771,0.37429667404084127,0.6020377678852337,0.9672945041622558,0.15929605712788147,771.8039624608969
772,0.37417331029980444,0.6018211785961147,0.9669920305878301,0.15925987726899582,772.8050052137644
773,0.3740497763626496,0.6016045170028557,0.966688900038907,0.1592234602549008,773.806047966632
774,0.3739260750300132,0.6013877865300937,0.9663851206517872,0.15918680885793673,774.8070907194996
775,0.373802208345633,0.6011709887765413,0.9660806985702469,0.15914992495218583,775.8081334723671
776,0.37367817764716804,0.6009541238486048,0.9657756417451278,0.1591128109846761,776.8091762252348
777,0.3735539843642245,0.6007371909095772,0.965469957166449,0.15907546902118916,777.8102189781023
778,0.37342962906914,0.6005201886775706,0.965163651108674,0.15903790079110425,778.8112617309698
779,0.37330511302326114,0.6003031156125191,0.9648567317942928,0.15900010873514367,779.8123044838375
780,0.3731804367368502,0.6000859699254543,0.9645492049615406,0.15896209444813453,780.813347236705
781,0.3730556013518961,0.5998687503241057,0.9642410777080401,0.15892386027639416,781.8143899895725
782,0.37293060965120284,0.599651459326355,0.9639323569304907,0.15888540875890947,782.8154327424402
783,0.37280546489619304,0.5994341023236209,0.9636230495005471,0.15884674237741875,783.8164754953077
784,0.3726801697958009,0.5992166829284192,0.9633131621924496,0.15880786342668288,784.8175182481752
785,0.3725547263203511,0.598999202873537,0.9630027007818501,0.15876877368502815,785.8185610010429
786,0.3724291358650111,0.5987816625387967,0.9626916728422948,0.15872947552942457,786.8196037539104
787,0.3723033997029744,0.5985640613882575,0.9623800840824547,0.15868997062516488,787.820646506778
788,0.37217751857360765,0.5983463984563198,0.962067941127495,0.15865026090988754,788.8216892596455
789,0.3720514935508212,0.5981286725097619,0.9617552508523076,0.15861034841672003,789.8227320125131
790,0.3719253251927753,0.5979108820680832,0.9614420187392481,0.1585702347152984,790.8237747653807
791,0.37179901453859027,0.5976930260591167,0.9611282513512412,0.15852992198769664,791.8248175182482
792,0.371672564086602,0.5974751065604628,0.9608139546450342,0.1584894124085129,792.8258602711159
793,0.3715459764425916,0.597257127983918,0.9604991354690398,0.15844870844268993,793.8269030239834
794,0.37141925414709315,0.5970390931505117,0.9601837993004885,0.15840781192192532,794.8279457768509
795,0.371292398717377,0.596821003493369,0.959867952243525,0.15836672478488747,795.8289885297186
796,0.3711654116094251,0.5966028593084832,0.9595516007958846,0.15832544907138124,796.8300312825861
797,0.37103829378843217,0.5963846601979588,0.9592347498121171,0.15828398618644704,797.8310740354536
798,0.3709110461702207,0.5961664053066835,0.9589174061184886,0.15824233821799275,798.8321167883213
799,0.3707836696123875,0.5959480937107193,0.9585995753859143,0.158200506823955,799.8331595411888
800,0.37065616476555585,0.5957297242360239,0.9582812629369282,0.15815849357639444,800.8342022940564
801,0.37052853261349694,0.5955112960803336,0.9579624745483446,0.15811630039426608,801.835245046924
802,0.3704007755246269,0.5952928113597873,0.9576432161061456,0.15807392941619208,802.8362877997915
803,0.37027289607291936,0.5950742743702747,0.9573234935623376,0.1580313827706406,803.8373305526591
804,0.3701448966748018,0.594855688038093,0.9570033115862754,0.1579886620003787,804.8383733055267
805,0.3700167788044093,0.5946370538618535,0.9566826764689998,0.15794576915623815,805.8394160583942
806,0.36988854391571485,0.5944183723193279,0.9563615934909541,0.15790270587203623,806.8404588112618
807,0.3697601928705764,0.5941996432377252,0.9560400676374997,0.15785947365387198,807.8415015641294
808,0.3696317266776839,0.5939808660066801,0.9557181049476853,0.15781607436201878,808.842544316997
809,0.3695031460268984,0.5937620398957145,0.955395710314682,0.15777250942197868,809.8435870698645
810,0.36937445164331745,0.5935431639954765,0.9550728889647077,0.15772878042686658,810.8446298227321
811,0.36924564441097085,0.593324237659479,0.9547496459826902,0.1576848890613041,811.8456725755997
812,0.3691167264226318,0.5931052626705975,0.9544259870347788,0.15764083737985357,812.8467153284672
813,0.3689876998222519,0.5928862425699221,0.9541019171373071,0.15759662715675657,813.8477580813349
814,0.3688585667734137,0.592667179696119,0.9537774408733363,0.15755225991800723,814.8488008342024
815,0.3687293284920553,0.5924480753032474,0.9534525639964103,0.15750773755195724,815.8498435870699
816,0.3685999863730188,0.592228929806547,0.953127290916005,0.15746306140269328,816.8508863399376
817,0.3684705411193323,0.5920097430970137,0.95280162681167,0.1574182331022497,817.8519290928051
818,0.3683409937832263,0.5917905147457005,0.9524755768022961,0.15737325421814602,818.8529718456726
819,0.36821134492627045,0.5915712441410855,0.9521491453357056,0.1573281260590022,819.8540145985403
820,0.36808159533564083,0.591351930649084,0.9518223373646829,0.15728285016647595,820.8550573514078
821,0.36795174583567264,0.5911325738174026,0.9514951574382912,0.15723742804497914,821.8561001042754
822,0.3678217984224402,0.5909131754154167,0.9511676108956897,0.15719186162938445,822.857142857143
823,0.3676917551440971,0.590693738862781,0.9508397018974867,0.15714615236525792,823.8581856100105
824,0.3675616180798326,0.5904742665306629,0.9505114352055991,0.1571003018700325,824.8592283628781
825,0.3674313884288874,0.590254759709883,0.9501828157609112,0.1570543117558078,825.8602711157456
826,0.36730106747819674,0.5900352189264408,0.9498538473765292,0.15700818317176551,826.8613138686133
827,0.36717065599538456,0.5898156442355464,0.9495245352777143,0.15696191782030655,827.8623566214808
828,0.3670401548767885,0.5895960353607536,0.9491948836128961,0.15691551693980632,828.8633993743483
829,0.3669095647930869,0.5893763918834272,0.948864896985505,0.15686898195357082,829.864442127216
830,0.36677888640280004,0.5891567133119682,0.9485345795469896,0.15682231413569284,830.8654848800835
831,0.3666481205062556,0.5889369993223194,0.9482039355675609,0.15677551490791702,831.866527632951
832,0.3665172688172706,0.5887172514305079,0.9478729699873507,0.15672858606035894,832.8675703858187
833,0.3663863331912925,0.5884974724737879,0.9475416862865909,0.15668152877303707,833.8686131386862
834,0.36625531530779987,0.5882776643913201,0.9472100892994489,0.15663434472072393,834.8696558915537
835,0.36612421635455716,0.5880578282722795,0.9468781830425106,0.15658703518251307,835.8706986444214
836,0.3659930373654526,0.5878379645933587,0.9465459715014282,0.1565396014153041,836.8717413972889
837,0.3658617791776714,0.5876180734478628,0.9462134591788336,0.15649204488215018,837.8727841501565
838,0.3657304425093011,0.5873981546632391,0.9458806496471245,0.156444366634485,838.8738269030241
839,0.3655990281108273,0.5871782079691729,0.9455475475323648,0.15639656815933706,839.8748696558916
840,0.36546753655997916,0.5869582330147658,0.945214156375994,0.15634865052681352,840.8759124087592
841,0.3653359686366364,0.5867382296320779,0.9448804801728788,0.1563006150764033,841.8769551616268
842,0.36520432597316704,0.5865181992944827,0.9445465232385732,0.15625246336143805,842.8779979144944
843,0.3650726103204157,0.5862981447245638,0.9442122890666966,0.15620419657691828,843.8790406673619
844,0.3649408232925603,0.5860780678438587,0.9438777819244215,0.15615581619807906,844.8800834202295
845,0.364808966032949,0.5858579697621141,0.943543005248181,0.1561073232980642,845.8811261730971
846,0.3646770395033773,0.5856378510238638,0.9432079630977255,0.15605871920665276,846.8821689259646
847,0.3645450445540417,0.5854177118196746,0.9428726592649755,0.15601000513944957,847.8832116788323
848,0.36441298180510207,0.5851975520956607,0.9425370971069045,0.15596118210080684,848.8842544316998
849,0.36428085203355465,0.5849773717018917,0.9422012808946426,0.15591225148542928,849.8852971845673
850,0.364148655762539,0.5847571704016761,0.9418652138018097,0.15586321424916402,850.886339937435
851,0.36401639373089945,0.584536948110037,0.9415288995528476,0.15581407165027614,851.8873826903025
852,0.3638840673405601,0.5843167061056642,0.9411923418405524,0.15576482500037858,852.88842544317
853,0.3637516781797258,0.5840964466623046,0.940855544230232,0.15571547554211781,853.8894681960377
854,0.3636192275603806,0.5838761713816807,0.9405185103600333,0.15566602451769562,854.8905109489052
855,0.36348671659284804,0.5836558812114538,0.9401812433465859,0.15561647289571162,855.8915537017728
856,0.3633541460561168,0.5834355766517223,0.9398437471008938,0.15556682198910277,856.8925964546404
857,0.3632215168171598,0.5832152579135205,0.9395060247714377,0.15551707277982735,857.8936392075079
858,0.3630888293955657,0.5829949250112652,0.9391680797887965,0.15546722634773033,858.8946819603755
859,0.3629560845650679,0.5827745778867668,0.9388299157764586,0.15541728386218878,859.8957247132431
860,0.3628232828253617,0.5825542164158966,0.9384915357280406,0.1553672462391979,860.8967674661106
861,0.3626904248744594,0.5823338406129744,0.9381529430940176,0.15531711465308048,861.8978102189782
862,0.362557512044839,0.582113451703395,0.9378141410248007,0.15526689020043594,862.8988529718457
863,0.36242454581979533,0.5818930518562914,0.9374751330746012,0.15521657414550025,863.8998957247134
864,0.36229152746060833,0.5816726426270337,0.9371359222460212,0.15516616748273562,864.9009384775809
865,0.36215845801616764,0.5814522249688467,0.9367965117178398,0.1551156712424068,865.9019812304484
866,0.36202533822044586,0.581231799418355,0.9364569048732069,0.15506508655243223,866.9030239833161
867,0.36189216888953896,0.5810113662477935,0.9361171044498424,0.15501441424934315,867.9040667361836
868,0.3617589505714113,0.5807909255496442,0.9357771138738566,0.15496365546007898,868.9051094890511
869,0.36162568393175437,0.5805704773385094,0.9354369362063526,0.15491281115140676,869.9061522419188
870,0.36149236948278873,0.5803500215777204,0.9350965743006776,0.15486188221544256,870.9071949947863
871,0.3613590078749381,0.5801295583318657,0.9347560312126696,0.15481086968501226,871.9082377476539
872,0.36122560025507494,0.5799090886738296,0.9344153099939788,0.15475977463690702,872.9092805005215
873,0.3610921479665138,0.5796886144262204,0.9340744137521266,0.15470859816513494,873.910323253389
874,0.3609586520470517,0.5794681369047853,0.9337333451050193,0.1546573411167442,874.9113660062566
875,0.3608251134727861,0.5792476569383831,0.9333921072197927,0.15460600455851378,875.9124087591242
876,0.3606915329196461,0.579027175018561,0.9330507029465044,0.15455458941777037,876.9134515119918
877,0.3605579110966416,0.5788066914247882,0.93270913493306,0.15450309652643598,877.9144942648593
878,0.360424248579668,0.5785862062910936,0.9323674062815102,0.1544515269141592,878.9155370177269
879,0.3602905459327445,0.5783657196888093,0.93202551965742,0.15439988140757877,879.9165797705945
880,0.36015680368715686,0.5781452316586256,0.9316834777959043,0.154348160885453,880.917622523462
881,0.36002302244578316,0.5779247423242894,0.9313412834098077,0.15429636625592721,881.9186652763296
882,0.35988920329533003,0.57770425271188,0.9309989393874741,0.15424449855105113,882.9197080291972
883,0.3597553474798383,0.5774837645427306,0.9306564484183665,0.15419255869928497,883.9207507820647
884,0.3596214559975675,0.5772632790771699,0.9303138129571176,0.15414054749929704,884.9217935349324
885,0.35948752975000625,0.5770427971331873,0.9299710359391989,0.15408846595527512,885.9228362877999
886,0.359353569400569,0.5768223192212262,0.9296281197962943,0.154036314832951,886.9238790406674
887,0.35921957559062084,0.5766018456555302,0.929285067170202,0.15398409500444257,887.9249217935351
888,0.35908554890072886,0.5763813766180534,0.9289418807517102,0.1539318073515449,888.9259645464026
889,0.3589514898191519,0.5761609122278469,0.9285985629195538,0.1538794526024178,889.9270072992701
890,0.35881739888310216,0.5759404525763382,0.928255116276609,0.15382703161750758,890.9280500521378
891,0.35868327664951444,0.5757199978213315,0.9279115432461574,0.1537745451990896,891.9290928050053
892,0.3585491240580424,0.5754995488635658,0.9275678465110107,0.15372199431663772,892.9301355578729
893,0.3584149422213227,0.5752791071618993,0.927224028377007,0.15366937973828398,893.9311783107405
894,0.358280732002227,0.5750586737944869,0.9268800912852507,0.15361670229330976,894.932221063608
895,0.35814649419863304,0.5748382494798472,0.9265360377933568,0.15356396284503196,895.9332638164756
896,0.35801222944738265,0.5746178346870561,0.9261918700450466,0.1535111620495136,896.9343065693431
897,0.35787793829703657,0.5743974297272547,0.9258475906174527,0.15345830079845182,897.9353493222108
898,0.35774362130851045,0.5741770348045201,0.9255032017793893,0.15340537980371247,898.9363920750783
899,0.35760927896148514,0.5739566500718802,0.9251587058859523,0.15335239982920906,899.9374348279458
900,0.3574749117398976,0.5737362756679049,0.9248141051789049,0.1532993615939949,900.9384775808135
901,0.3573405201749679,0.5735159117864919,0.9244694019082019,0.1532462658499106,901.939520333681
902,0.35720610515309514,0.5732955592782535,0.9241245985275206,0.15319311349197418,902.9405630865485
903,0.35707166770128856,0.5730752195118438,0.9237796970462628,0.1531399051603126,903.9416058394162
904,0.35693720863817063,0.5728548935125332,0.9234346998366791,0.15308664169657665,904.9426485922837
905,0.3568027287061575,0.5726345819807548,0.9230896090770236,0.15303332380628165,905.9436913451513
906,0.3566682285116168,0.5724142853863323,0.922744426861593,0.1529799521619185,906.9447340980189
907,0.3565337085629387,0.5721940040570965,0.9223991554666587,0.15292652754761,907.9457768508864
908,0.35639916938601063,0.5719737382234091,0.9220537968922747,0.15287305057087233,908.946819603754
909,0.35626461144729354,0.5717534880602063,0.9217083534073396,0.15281952200677512,909.9478623566216
910,0.3561300351886972,0.5715332537451822,0.9213628269812205,0.15276594246652486,910.9489051094891
911,0.3559954411122759,0.5713130354811098,0.9210172196933376,0.1527123126523701,911.9499478623567
912,0.3558608299903323,0.5710928340296214,0.9206715337196151,0.15265863335220553,912.9509906152243
913,0.3557262027286614,0.5708726505540835,0.9203257709653604,0.15260490518223616,913.9520333680919
914,0.3555915600678363,0.5706524859365897,0.9199799335656165,0.15255112890369138,914.9530761209594
915,0.355456902644478,0.5704323407955061,0.9196340234346384,0.15249730511224963,915.954118873827
916,0.35532223102338956,0.5702122155655611,0.9192880425998258,0.15244343449718592,916.9551616266946
917,0.355187545685929,0.5699921105646947,0.9189419930434222,0.15238951772453713,917.9562043795621
918,0.3550528470981036,0.5697720260317095,0.9185958765993762,0.15233555534825147,918.9572471324298
919,0.3549181357122117,0.5695519621557796,0.9182496953584963,0.15228154810506414,919.9582898852973
920,0.3547834119424761,0.5693319191477468,0.9179034510996764,0.15222749653495574,920.9593326381648
921,0.35464867625844165,0.5691118972337738,0.9175571457352316,0.15217340129166543,921.9603753910325
922,0.35451392938406423,0.5688918971065908,0.9172107811738471,0.15211926304930046,922.9614181439
923,0.3543791721531895,0.5686719198608142,0.9168643592557905,0.1520650824337629,923.9624608967675
924,0.354244405261114,0.5684519663385889,0.916517881853646,0.15201086009846076,924.9635036496352
925,0.35410962930326967,0.5682320371285225,0.9161713506979152,0.15195659656610683,925.9645464025027
926,0.35397484480291536,0.5680121326549935,0.9158247676949705,0.15190229251950524,926.9655891553703
927,0.3538400522212167,0.5677922532400898,0.9154781345664118,0.15184794850562017,927.9666319082379
928,0.35370525198487845,0.5675723991339154,0.9151314530789983,0.15179356509602215,928.9676746611054
929,0.3535704445188356,0.5673525705373289,0.9147847250529239,0.15173914291583884,929.968717413973
930,0.3534356302154741,0.5671327676805861,0.9144379521446969,0.1516846824739246,930.9697601668406
931,0.35330080951033777,0.5669129907883461,0.9140911361034598,0.15163018437677944,931.9708029197081
932,0.35316598304134533,0.5666932404780194,0.9137442786119621,0.15157564919407793,932.9718456725757
933,0.35303115154189696,0.5664735177066654,0.9133973814111136,0.15152107755293703,933.9728884254432
934,0.35289631563467583,0.5662538231817069,0.9130504461335259,0.15146646998997682,934.9739311783109
935,0.3527614758480555,0.5660341574315483,0.9127034744365775,0.15141182704120526,935.9749739311784
936,0.3526266326581366,0.5658145208500492,0.912356467997938,0.15135714929691124,936.9760166840459
937,0.3524917864939912,0.5655949137451343,0.912009428371135,0.15130243723192704,937.9770594369136
938,0.35235693775041355,0.5653753363660813,0.9116623572155147,0.151247691421306,938.9781021897811
939,0.3522220868190263,0.5651557889230509,0.9113152561328224,0.15119291239278357,939.9791449426486
940,0.3520872340751795,0.5649362716543247,0.9109681266651396,0.15113810063119223,940.9801876955163
941,0.35195237992316325,0.5647167848016698,0.9106209703854293,0.15108325667549924,941.9812304483838
942,0.351817524955781,0.5644973289206754,0.9102737888487427,0.15102838106728397,942.9822732012514
943,0.3516826698477279,0.5642779048894375,0.9099265836106162,0.1509734743608936,943.983315954119
944,0.3515478151773798,0.5640585134078364,0.9095793561462951,0.15091853701989444,944.9843587069865
945,0.35141296144288525,0.5638391549606313,0.9092321080020949,0.15086356958066025,945.9854014598541
946,0.35127810908134727,0.5636198299244489,0.9088848406622384,0.15080857254346403,946.9864442127217
947,0.35114325849120764,0.5634005386031485,0.9085375555686513,0.15075354635615526,947.9874869655893
948,0.35100841004899497,0.563181281247278,0.9081902542187704,0.15069849155178455,948.9885297184568
949,0.35087356411152476,0.5629620580827122,0.9078429380531886,0.15064340858567957,949.9895724713244
950,0.3507387210339046,0.5627428693371833,0.9074956084982043,0.15058829792271833,950.990615224192
951,0.350603881188112,0.5625237152515592,0.9071482669745116,0.15053316004049203,951.9916579770595
952,0.35046904510478855,0.5623045963172426,0.9068009149006986,0.15047799545078708,952.9927007299272
953,0.3503342133741072,0.5620855133183859,0.9064535536705532,0.15042280463460178,953.9937434827947
954,0.3501993865098487,0.5618664668352997,0.906106184644998,0.15036758801495384,954.9947862356622
955,0.3500645649631052,0.5616474573069019,0.9057588092217406,0.1503123460997662,955.9958289885299
956,0.3499297491325259,0.5614284850835254,0.9054114287398174,0.15025707931133422,956.9968717413974
957,0.3497949393807243,0.5612095504525382,0.9050640445335918,0.15020178809899154,957.9979144942649
958,0.349660136054755,0.5609906536577145,0.9047166579376266,0.15014647292552386,958.9989572471326
959,0.34952533949381276,0.5607717949400245,0.9043692702707489,0.15009113419323605,960.0
