,G1,G2,G3,SP2_1,SP2_2,SP2_3,R1,R2,R3,SP1_1,SP1_2,SP1_3,NC,Time
0,1143.8786565547132,512.9656443332894,977.5464380485814,546.0764587525151,1248.3320978502593,800.6219132979697,590.181867906468,864.3914770675335,983.6031112045409,682.6938643354379,1153.9582321515297,946.0764587525152,225.35211267605635,10
1,1092.6073131955486,531.447335185653,961.8659755646058,577.9014308426073,1266.5424044734386,890.4504504504505,506.9980694980694,760.2543720190778,862.7311522048365,551.4605514605515,1224.4617498854784,903.7837837837837,216.21621621621622,20
2,1050.8016877637133,576.2294163772824,924.0506329113925,613.9821158982697,1107.3275093599573,886.0759493670887,464.1350210970464,732.9522253981215,809.3731163351415,505.43295620029124,1146.6747036367292,955.363091272485,202.53164556962025,30
3,1069.2458648724419,666.9470142977291,1076.4829870520925,636.8108218897314,1358.7242026266417,990.063233965673,471.54471544715443,713.9689578713969,761.8672960923157,529.8780487804877,1252.6392428103386,1156.2294001318392,195.1219512195122,40
4,1296.9492373093271,897.1531676022454,1331.0612135792567,786.452565522333,1602.325581395349,1187.8677500700476,497.3610423882566,745.7218078104432,690.1760486850685,557.5703366401041,1563.5196112460953,1353.6076326774,197.67441860465115,50
5,1799.606162400093,1270.2247191011234,1820.2247191011234,1036.6426295488848,1964.961561206387,1544.3626501356061,587.3480067723564,820.2247191011236,750.6595017098192,766.1706650470694,1875.019239649069,1698.2734995889284,179.7752808988764,60
6,2544.37564499484,1830.1240907145911,2466.5570175438597,1541.2985017287742,2606.5468549422335,2023.516237402016,640.8250355618775,982.1342346692418,789.4736842105262,1047.5382003395582,2364.4736842105262,2227.675931401537,210.5263157894737,70
7,3647.0588235294117,2662.9318394024276,3460.190136660725,2147.0588235294113,3308.230984701572,2686.274509803922,813.7254901960783,1236.8024132730015,882.4277802724143,1480.3921568627447,3089.587559161595,2949.142156862745,186.27450980392157,80
8,5084.421312632322,3963.0843162953256,4834.23277567908,2997.3700305810394,4289.581251703153,3528.721381932391,1056.8026546945148,1370.3524867213905,1010.703363914373,2133.19332375373,4067.4409525668557,3882.8716487040174,155.96330275229357,90
9,6242.194469223908,5281.566154250427,5936.743341404358,3923.890748137752,5177.814769975787,4450.763412242611,1397.8452240178688,1479.4576271186443,1135.1288599953562,2919.313914543793,4954.253743623499,4820.908954552272,152.54237288135593,100
10,7426.611712598425,6624.660326086956,7046.1189516129025,5085.744598765431,6212.312500000001,5456.676136363636,1470.6621503496501,1520.3124999999998,1290.5111754966886,4187.401107594936,6006.153207964601,5943.263319672131,179.6875,110
11,8691.675231243576,7724.85495474588,8374.678359502179,6682.093349710474,7225.836721926806,6631.735171303516,1547.0323741007192,1579.7553040370249,1444.59526718248,6104.802644370989,7257.296601742995,7013.636851712659,165.46762589928056,120
12,9647.05882352941,8762.580696900435,9285.847672402293,8655.871811090026,8391.709195093563,7441.530327629988,1641.8300653594767,1658.4677263410292,1558.9810221277264,7709.497983590598,7948.583877995642,7754.203290511606,169.93464052287578,130
13,10501.362307283362,9641.431477243836,10222.953216374268,10332.615793061384,9455.315179564452,8560.528066673669,1732.1637426900584,1726.2600946811474,1607.3115051443224,8479.203216374268,8602.920103791486,8664.4089125768,152.04678362573097,140
14,11502.238883682183,10640.236506973923,11208.193163320673,11208.650829224563,9938.949742268042,9323.982637004883,1751.2357011721506,1735.2433469192038,1615.4543718976706,9245.440126883426,9061.942060703796,9237.87392259591,139.17525773195877,150
15,12312.409183376923,11486.011989723094,12017.194157029822,12003.320683111953,10613.95839614109,9955.079891468195,1801.295610787943,1755.7414044869242,1638.6025967072683,9707.506203473946,9585.967741935485,9611.352357320098,129.0322580645161,160
16,12995.019024558975,12220.406779661016,12692.137872097992,12637.740112994348,11210.398340842452,10441.812637401603,1826.383965972804,1792.9782082324455,1635.9423601853614,10065.261480515717,10242.911452558212,9950.243689532259,135.59322033898306,170
17,13653.574504737295,12908.45665961945,13491.323792486584,13202.705268153773,11844.85566917021,11170.542635658916,1865.1964715316758,1803.1275060144344,1667.3148662592266,10800.093023255815,10348.886272200964,10346.196608913186,127.90697674418604,180
18,14347.518820095253,13605.23154788977,14225.90130717339,13690.153472918093,12215.54770318021,11544.083125355208,1888.185395324988,1825.0939126751457,1677.8999258386773,11044.885190673403,10566.575958192869,10569.618961360358,130.74204946996466,190
19,15039.182351750656,14279.30014538527,14923.99596795586,13957.18681810552,12637.646179313291,11975.46271813855,1933.76098835828,1858.0395570385415,1726.1461517088078,11294.530108748579,10691.4093726467,10709.814352404734,121.31147540983606,200
20,15635.584415584413,14977.840909090906,15617.408123791101,14250.08576329331,13005.257393209198,12599.453999453997,1962.158167036216,1891.9053549190537,1753.3638775018085,11701.387708864344,10596.199941537561,10841.76752040529,127.27272727272727,210
21,16319.68825440348,15490.48808037572,16360.776012986598,14390.743402142669,13224.640856311225,12999.999999999998,1996.4503326066297,1924.5224719101125,1773.8493949870353,11963.89381693935,10543.830052085037,10882.02247191011,117.97752808988763,220
22,17200.959556109854,16537.593219476188,16917.05616577082,14553.780552495205,13785.182599824146,13811.973076816761,2038.055882564928,1981.3151451129331,1815.8289616024379,11944.042242756896,10588.85479724687,10857.729656712407,120.82262210796915,230
23,17461.6702453287,16893.224308339617,17801.410517290307,14514.627474896293,13628.36722191429,13522.343125528747,2075.209536226486,2010.915100503478,1858.4799971088867,11957.451618468565,10389.920631582741,10752.703401584427,113.80145278450362,240
24,18069.445600166422,17399.50941129355,18161.995237109128,14519.194835187905,13518.62005707297,13750.450356095516,2115.174753671686,2029.354066985646,1897.8163992869875,11788.200498132004,10027.926525529265,10640.412748171368,115.90909090909089,250
25,18372.672840600662,17490.922632901962,18631.15401935466,14715.92028526369,14267.820201067036,13803.388806454193,2153.3808268818975,2107.77588292366,1938.512158964449,11575.037438244393,9965.917967852516,10321.717426587926,117.77301927194861,260
26,19210.48096506345,18443.60958190745,19278.429817605072,15347.981721249049,14764.45245182516,14250.27195027195,2260.316319194824,2193.327505827506,2019.9944459872256,11599.491417673236,10176.196493444953,10257.085020242916,115.38461538461539,270
27,19952.528379772964,19117.647058823528,19998.585406106333,15513.150714831385,15138.21231617647,14783.706906360223,2358.028616852146,2271.6518341654005,2080.6435394670693,11571.068894483862,10509.842981017107,10324.035541558878,117.6470588235294,280
28,20241.519942263436,20029.84270631329,21010.23486317604,16063.615709185327,15444.82767840432,15159.536650311557,2420.584570069106,2323.7009903676567,2161.016288675863,11533.51917690153,10524.188688698854,10468.238428238426,117.21611721611721,290
29,20472.766503017603,20393.12048531849,21371.097117213154,16172.383604747794,15825.522286281072,15471.295244431332,2499.5085765099575,2381.806341128089,2211.335243871901,11602.99722362443,10755.720121294136,10577.360577661697,113.07420494699646,300
30,20695.203045238,20324.105626725504,21513.676120365755,16376.911946141072,16152.540929197043,16187.531415167621,2611.994632849527,2445.231112419603,2301.1656424092203,11622.624488100184,11256.505453376707,10772.35472502254,122.20309810671257,310
31,21096.345514950168,20662.44226561867,21737.66160989473,16758.110894718757,16436.144631594078,16193.743078626801,2721.6603994012635,2556.625526291856,2388.0573782851693,11757.475083056479,11475.738619317994,11127.485577262916,122.92358803986711,320
32,21584.415584415583,21224.28229665072,22208.892617449666,17200.542570951588,16704.581993569132,16487.90322580645,2847.4349157733536,2677.5078369905955,2502.674750356633,11894.417475728156,11765.145395799676,11439.8,125.0,330
33,22221.862833183586,21691.381682389936,22708.240235021516,17618.214369991892,17123.02536392358,16872.63904110265,2972.259658580413,2801.944758426803,2625.9168278193,12069.506682389938,12059.836733091966,11818.600046587468,128.9308176100629,340
34,22619.643969445628,22107.09652309289,23205.13785318465,17956.86993111405,17338.80384016606,17208.73186284078,3127.783096068925,2950.653678543963,2746.16592888762,12260.219213410703,12314.27104393312,12199.6946856216,127.6595744680851,350
35,22992.752752752753,22354.748677248677,23500.87962962963,18314.247414341018,17557.593968411205,17399.303220134083,3257.1826706480174,3062.3303595566367,2870.941965587635,12447.407407407407,12437.315219149279,12711.579408063897,130.37037037037035,360
36,23171.990090834017,22659.523809523806,23694.17846417846,18443.633398564903,17668.31168831169,17411.864235055724,3416.185891137748,3153.1388329979877,3028.096470153391,12781.287375415282,12538.12324929972,12811.42857142857,127.14285714285712,370
37,23607.96343006216,23069.551049528443,23987.083189096295,18735.334293661832,17852.619314466272,17605.085824979757,3566.8435102516937,3251.9444293362135,3068.248923392051,12852.289739206386,12632.924067276195,13019.890480153164,130.73713490959668,380
38,24006.044732528124,23330.13889684951,24574.545023883777,18855.430741396107,18053.06615343975,17709.7414546198,3735.6910258509342,3394.238408137506,3107.2431506849316,13056.168220712943,12829.723097208996,13352.71811639138,131.5068493150685,390
39,24237.1739563284,23607.908484957665,24751.898675558026,18911.8648415456,17962.66916052371,17795.496163236832,3826.7131789581817,3410.7224933791504,3115.896181601342,13115.799770626729,12787.644003676234,13512.068927476115,139.34426229508196,400
40,24962.578264441734,24164.89512864279,25353.268268007647,19152.972507245242,18054.3929179292,17881.01913658798,3922.2442521657194,3455.948651467792,3130.806079698613,13330.73414688052,12973.103897413632,13746.236135627396,141.1451398135819,410
41,25536.22526323714,24470.621609223945,25759.561690591145,19362.495546782415,18226.549089620676,18132.373655995703,3945.3036520242904,3531.8901064259917,3145.070626675867,13299.7745295136,13114.28022134176,13771.429064787955,143.04461942257217,420
42,26262.462282237226,25155.739940139676,26296.397849462366,19429.125428496092,18175.212656667354,18196.030283080974,4003.7499488940675,3627.9724686955797,3175.283595780462,13203.807944273985,13090.078115513821,13760.843164755383,145.80645161290323,430
43,26742.34693877551,26041.447639661925,27141.295190467205,19532.56160954948,18361.471909968506,18266.632909445187,4035.477130550712,3706.8195112439876,3206.9463031114083,13225.468225264789,13143.638907175773,13801.743999486585,146.68367346938774,440
44,26960.21263752066,26902.11086134108,27852.527621872734,19588.31676237463,18313.381805794503,18401.788800149454,4068.84242093442,3776.7046250652807,3246.927689038345,13198.3078756159,13152.745251105905,13815.024230093113,150.06305170239597,450
45,27144.224186268406,27183.914195925045,28600.86684703247,19530.517773835338,18350.167327695417,18421.58839911649,4110.667221528644,3807.637199433124,3268.663597109118,13169.435720876852,13074.784237094937,13778.655225973696,151.06117353308363,460
46,27342.8278939005,27470.297029702968,28712.812953269848,19535.087605619203,18355.650257473982,18461.8018840719,4116.462673874749,3866.4413083099353,3301.596689180836,13126.62381102975,13046.735878623833,13812.289694739644,154.70297029702968,470
47,27292.506744712628,27468.055979004883,28768.16271506537,19406.954177382195,18249.980758414495,18479.771073521075,4143.971354946964,3869.8788464509794,3320.22932022932,13052.958404112716,12949.8946998947,13687.788162364432,157.24815724815724,480
48,27371.04622871046,27435.051813624123,28784.17941287948,19328.547003729484,18143.22343682697,18250.878939219318,4128.405075655272,3896.8075719900535,3348.2441562391377,12910.14195942516,12932.874069595013,13498.91379909628,161.80048661800484,490
49,27273.139164233726,27408.241893993345,28774.604723588876,19214.49650427119,18088.696095139567,18163.429191224976,4164.089322167579,3897.741711444968,3350.185082027874,12814.55032198421,12803.213329029262,13380.866354097912,159.2279855247286,500
50,27139.811426963133,27568.181818181816,28835.75589170555,19154.94599790177,18113.92907402195,18182.548239998207,4212.918660287081,3938.464864241656,3367.0988293005744,12850.421912292013,12817.851552526115,13438.634956374895,154.3062200956938,510
51,27097.341696535248,27482.14285714286,28620.679012345678,19040.659109991604,18079.428904428907,18087.587412587414,4191.250495441935,3936.2774451097803,3386.4264919941775,12721.057767369242,12701.113671274961,13331.748346946713,158.33333333333334,520
52,26946.009271177743,27219.578053398764,28534.993981058462,18925.34326123226,17916.765169424743,17919.079984239557,4187.943262411347,3944.8230315573396,3364.035491695066,12624.774752434329,12543.67429504521,13146.817226089704,161.93853427895982,530
53,27052.47710795291,27227.255132370225,28577.63626281751,18916.161029301486,17888.373388648568,17882.562772667723,4216.216216216217,3934.4331272430827,3376.1482379995705,12619.017114941027,12583.990727632217,13088.578493329725,166.86251468860164,540
54,26900.588857832896,27054.331717296307,28412.95441895683,18699.0535775451,17885.47257876313,17884.336215126765,4230.117514735188,3953.3255542590437,3383.722843874474,12495.633313550727,12458.79096441335,13049.75829304884,164.5274212368728,550
55,26962.617298173467,27274.111089652808,28622.59517843473,18734.155373066656,17945.8484273287,17937.956657317427,4262.039263491383,3981.6334321809472,3409.87619686528,12498.64812668984,12457.816649332752,13044.819297861013,168.01853997682502,560
56,27142.79587650835,27330.07911350257,28666.131247784473,18810.321470212646,18030.55972660902,18055.278827732614,4294.316967773826,4030.422196443205,3430.7641241089905,12560.44660184018,12516.767654061125,13069.341406459878,172.8110599078341,570
57,27128.523918553932,27366.728751695475,28547.078215689176,18847.340370804784,17997.44372756565,18044.69655130093,4294.309578199408,4026.8009674072146,3440.913558458702,12557.298332984261,12421.791028959837,13017.488270995493,171.82130584192439,580
58,27116.02603319232,27294.84787039402,28684.073652239942,18916.432443011618,18058.041203862358,18064.942976713915,4318.891003838113,4049.9966118127845,3446.0722691140745,12497.248698794876,12377.652887212618,13010.270705646939,174.25968109339408,590
59,26981.4229412342,27140.876244195475,28522.43874588632,18792.16144051309,17989.558672220723,18003.16108783469,4290.164399092971,4026.7542739507635,3455.763572646689,12391.62435459909,12296.142659962534,12938.53157801723,172.3356009070295,600
60,27025.975860297895,27080.80831453308,28615.91169551843,18779.67038851849,17967.01510739441,17987.188984921617,4288.566047888082,4032.999718792341,3467.42384530258,12367.736907926574,12283.683370179317,12845.831005153037,171.75141242937852,610
61,27052.96134069701,27076.97391834867,28428.679576061837,18746.926324426622,17982.640942243248,17961.807608909916,4284.081974281584,4019.318512152273,3462.7657735522907,12273.35650878391,12258.275129061647,12814.913734880582,174.1573033707865,620
62,26980.727660720262,27067.884607139164,28544.268982760892,18851.212087871787,17997.45979118437,17989.285679395874,4316.509564386799,4044.9869855275065,3486.478920873009,12351.952320413131,12234.587478296888,12837.479687238121,173.37807606263982,630
63,27270.249283410067,27148.051973993028,28499.75485466011,18850.911894341738,18061.293062469387,18106.635518543622,4321.821298137048,4053.709097138942,3504.526845006537,12354.224169333487,12245.23354268268,12822.93986636971,177.06013363028953,640
64,27123.589760608065,27299.37534606866,28665.470188726,18776.83583457441,18151.845104133175,18081.67428538123,4337.257290513105,4054.263565891473,3497.53590749867,12311.362464389273,12165.669988925803,12792.802127955048,177.18715393134,650
65,27336.681220574734,27193.83690978694,28571.54010045304,18845.2887584109,18136.32761646007,18190.935031196102,4348.327502878558,4086.6812205747324,3518.1825830692965,12304.903918442007,12143.58671960958,12775.264394137506,179.91169977924943,660
66,27479.079548769816,27300.368333109735,28750.315154139025,18982.86042315893,18243.44119061302,18225.969635937483,4361.222755145408,4091.3082502486477,3515.4684672756957,12361.97136197136,12198.027999397862,12739.87407693478,181.3186813186813,670
67,27406.4989639473,27165.548759801877,28587.353824283065,18924.56266624941,18226.193150536645,18264.818529788856,4333.612383052434,4065.1679665473594,3510.2969319836793,12239.482616988329,12148.974430955295,12697.221354326977,184.00876232201534,680
68,27319.32613999684,27203.5622980891,28537.994783945807,18894.033849018837,18134.511189091732,18189.26561529404,4336.359710158837,4066.312889509607,3528.93665512622,12229.912196216676,12068.255371908359,12567.457334815068,181.22270742358077,690
69,27206.254125118183,27203.30727305593,28340.011081051405,18768.290559125737,18173.053089742854,18120.53536914231,4313.89841969794,4058.4518486488537,3504.572454191714,12167.287769291246,11999.389690871067,12579.62124514714,180.6311207834603,700
70,26933.930301792072,26837.998172654665,28069.45945945946,18486.126126126128,18035.900666535425,18021.553700297158,4259.935649935649,4011.433429090696,3459.302442776437,12012.256069628951,11826.646317775681,12424.887434407266,180.54054054054055,710
71,26906.151404921868,26917.69204876954,28083.058343421722,18487.988505747126,17992.893514382708,17970.025349681782,4242.9183870847755,4006.0065237651447,3446.131223244683,11976.38878763578,11791.11371898493,12393.056003151074,185.3448275862069,720
72,27107.949880579188,27077.1941439411,28313.010049316996,18747.285451375436,18189.753134796236,18215.888510576642,4295.1394083327095,4035.4390580683685,3500.5854602226455,12075.734034409856,11912.34301830566,12445.21130108723,186.42241379310343,730
73,27355.232419215266,27176.173352636248,28421.374987379466,18809.836140503234,18262.09941247535,18177.064747942775,4274.739745115686,4053.6744079338428,3509.38425209811,12092.601530952154,11823.251043299113,12433.36260033605,189.04403866809884,740
74,27178.4286374197,27229.57103881514,28423.353284825072,18704.555956661763,18278.96488779126,18229.892510935744,4258.947934321069,4028.409518488535,3492.949262011717,12015.083561146352,11810.344493048266,12446.588049215281,187.6332622601279,750
75,27308.714133900106,27166.01027123916,28397.08102428042,18701.14003949835,18311.78790439191,18295.867268535258,4266.070210659168,4045.640494625827,3493.7916532799522,12012.050943076332,11819.802843577525,12391.962346361803,191.28586609989375,760
76,27590.916968826255,27420.789485777306,28659.123146357193,18974.15331455755,18495.880815932196,18443.143473855776,4314.930143365902,4064.6575904768424,3546.9664228723414,12042.371074490293,11841.033434650457,12366.990756888732,189.36170212765956,770
77,27508.906155115063,27364.555782965985,28529.164623161887,19016.897608106516,18469.61365748923,18366.395372124403,4291.989209343727,4051.641197850105,3538.164664636731,12064.32816366207,11813.164319711954,12359.119830328736,190.88016967126194,780
78,27474.480816613865,27217.87838977589,28507.145998499538,18818.791098355545,18419.66297527917,18245.889892014755,4248.708718637297,4028.026915904648,3505.1953332643698,11968.269636489644,11731.585463889027,12255.075813233205,192.18585005279832,790
79,27417.531222123103,27173.805668016194,28282.865497076025,18798.56344036433,18329.318096464405,18261.94505671738,4243.065048380782,4004.8117108056767,3505.4200845773685,11900.268317853457,11688.421052631578,12161.30275131712,191.57894736842104,800
80,27326.679258172757,27165.17269098008,28297.57097791798,18881.44087868976,18307.06129392206,18250.19392873765,4214.386739366331,3983.7917847120357,3488.772528305579,11833.344173794268,11652.10457872039,12140.230229687446,192.42902208201895,810
81,27293.13430380422,27096.41729670586,28149.378901496733,18752.85673343164,18249.512435431723,18187.347242697153,4204.348257585811,3967.9224393974423,3480.5357622196743,11823.427426493765,11601.816927105489,12049.185587390395,190.97586568730327,820
82,27340.11932302447,27032.895176562324,28201.69185901562,18812.93637217125,18319.956414276985,18181.38239108507,4201.842176855641,3961.8493587079975,3466.744306156137,11751.847511745164,11589.451386310026,12020.527352597257,194.76439790575918,830
83,27398.039676523455,27105.323823452007,28308.40506416807,18797.958769343,18340.125391849528,18234.940700370244,4205.430544151428,3972.485294263687,3478.4225560087634,11781.027248613455,11590.503190997764,12022.292583078388,194.3573667711599,840
84,27292.3220249413,27066.510395927427,28128.13331338217,18681.76677855,18304.90750550419,18117.596327256455,4185.811451673211,3941.965652025638,3458.961893900508,11672.14551644343,11508.273813987365,11956.956394085177,194.58896982310094,850
85,27422.142745533773,27162.591697743224,28283.15416254301,18761.7341165059,18392.88663233178,18284.827220584917,4190.903002299392,3970.608575380359,3494.920795469932,11706.479979779682,11521.89062666241,11958.017455433373,196.05809128630705,860
86,27590.540989835663,27221.155851604664,28425.10217552489,18722.855514391566,18463.068699382235,18314.280651872974,4196.785609092642,3959.563781596874,3480.3501522401043,11730.940134872022,11529.702950202149,11926.534244333525,195.2479338842975,870
87,27545.532825215272,27237.966733084984,28258.33295817764,18784.773817987912,18399.092783505155,18268.55824897062,4183.19749554704,3942.9675225448204,3490.4732806370866,11697.032177444547,11463.229903975283,11883.05329683191,196.90721649484536,880
88,27624.423402169585,27312.051340422997,28384.575516872294,18915.105333930973,18579.72785164596,18357.393847621814,4178.11227583817,3949.2434840625865,3488.242277934979,11685.547164687327,11500.193615748767,11882.180550032122,197.9381443298969,890
89,27617.679149806267,27177.425908635058,28288.151203119665,18955.44965885176,18570.35589469984,18261.898865320243,4182.678009475395,3933.8281045499216,3488.4347949482053,11691.166425084552,11489.202583941726,11839.077588063,195.47325102880657,900
90,27644.89412568306,27162.071241807582,28235.54635879853,18952.00463292944,18474.020126684063,18362.46468346529,4146.331472657527,3942.0518327115915,3487.081126322242,11666.958519622454,11480.54284174456,11792.559355568119,193.64754098360655,910
91,27496.709077328702,27043.722910316264,28084.115764203787,18877.51377204026,18408.285586199694,18258.135436049546,4124.099829762631,3896.4859868088565,3455.9798321698054,11541.848151786433,11379.171177673526,11688.636733807483,196.31901840490795,920
92,27138.47645288025,26585.805103653194,27727.038598555413,18487.436676798377,18147.682483562276,18024.042523127064,4048.2596062866855,3819.9378295551146,3394.4200746062456,11380.306256787337,11200.00921064751,11518.187262060143,195.5420466058764,930
93,27121.790982862774,26677.67887298024,27741.610505257402,18508.847589727688,18189.217758985204,18028.916302426398,4051.5202834899064,3822.37985502734,3398.922681186524,11329.265993727615,11193.590814237074,11480.227104564201,196.1577350859454,940
94,27504.359914065462,27078.650253587177,28022.410516312953,18839.510083412522,18440.606591694657,18221.79347166606,4080.4521615153517,3873.4138743256594,3454.3033361368102,11514.005430926927,11309.760861280489,11567.108968545655,195.12195121951217,950
95,27608.44867631449,27126.66511238515,28092.527217111972,18875.623530445868,18419.940904613988,18217.124796475437,4088.787495434648,3866.412596001286,3447.006533407816,11452.380107202443,11321.054847096695,11573.291453920241,197.96954314720813,960
96,27665.42815379568,27081.775315311927,28151.437047281608,18791.645666614506,18473.792320798166,18278.50556388164,4077.6345285624448,3857.019998165306,3431.7307812094223,11414.898936506013,11275.056748648867,11581.967092777775,199.79818365287588,970
97,27796.532517747688,27141.24023443608,28182.710302590232,18863.761071087352,18496.51708057091,18341.44727377356,4075.735942705454,3845.0297593993873,3444.364110023728,11463.932732703903,11244.00075893574,11564.321011845748,201.4098690835851,980
98,27590.666047567458,27069.846171132274,28133.09837612398,18846.05066295207,18514.68971620651,18294.768611670024,4066.7437926420985,3827.6565870040386,3427.595936148199,11429.422077016556,11253.785005112644,11495.251703457461,205.23138832997986,990
99,27662.926295345314,26931.42819210727,28003.69357515716,18815.222428174235,18481.95540783825,18266.780284201643,4046.352940199267,3821.784056142434,3430.3754943729296,11399.196787148594,11208.63802028925,11461.684733146667,200.8032128514056,1000
100,27759.97166904481,27161.125127713254,28164.400952129068,18959.949694535244,18611.821483655905,18370.65843560036,4036.8937105047567,3814.517489610773,3412.170375687964,11401.347692738045,11274.662070040125,11491.042823021206,204.02010050251258,1010
101,27791.015915513904,27141.230205797285,28093.326094075874,18891.039887706167,18500.452849975572,18362.965213971616,4025.4045226549347,3767.3840273736264,3412.0600610258,11376.970717359032,11215.388174187556,11425.455937982328,202.81124497991965,1020
102,27261.57843848199,26659.440951406148,27583.635996771587,18509.644364074742,18265.39248511905,18014.756340705706,3940.914851099089,3737.4763361001897,3364.0657959696605,11154.48179271709,11022.284439588457,11242.595124174073,202.38095238095238,1030
103,27143.545815852052,26500.116538069437,27447.90214342107,18446.53823830766,18188.51721227701,17983.708876917088,3933.788330815901,3712.1436602148883,3345.2278549656867,11090.029926737794,10957.650741794218,11163.80654340165,197.2249752229931,1040
104,27527.298585580378,26807.63060655548,27751.306352077067,18792.84796103586,18383.979814851013,18192.517428197792,3962.925081513991,3729.4845047828294,3365.451433315705,11200.399201596807,11054.260205457813,11246.879433033644,199.6007984031936,1050
105,27546.58258830067,26865.718633572964,27718.631724889365,18839.72380913415,18412.61211429876,18176.171583577685,3941.4995180091196,3722.6585131668644,3360.8802517281647,11195.828522338124,11072.703703561134,11242.158769592861,202.39282153539384,1060
106,27501.058779986124,26766.616250350115,27738.963139130123,18719.435668569746,18348.31327478687,18087.884806355516,3934.0740203978116,3708.4315720427353,3346.70657669044,11103.61229977011,10975.614187279087,11125.039474635409,201.5888778550149,1070
107,27589.379208688435,26908.72709715128,27785.371739182985,18793.855302279484,18452.368022436043,18160.943909874422,3924.2454460166505,3718.3450981978513,3365.283873708056,11142.874910122624,11024.477311848863,11208.372971811481,206.14469772051538,1080
108,27566.012921089063,26883.479110449425,27836.724386724385,18885.102357621035,18485.27842020993,18201.491546428257,3935.967365967366,3716.024810220329,3357.422378945558,11162.741519009885,10982.057416267944,11169.500346981265,204.54545454545453,1090
109,27696.39463751139,26976.038632128704,27828.698433349593,18823.687163068167,18509.15750915751,18236.506036116934,3917.8226145439257,3704.3326290528735,3343.5945952502248,11118.746550253401,10971.73603961367,11151.062271062274,205.12820512820514,1100
110,27413.96815834005,26671.765634071184,27569.142428545954,18634.86326126986,18375.323861856905,18063.35444203607,3880.9872922776144,3659.130197569155,3315.024850963061,11017.498316920937,10895.562704191432,11041.025171065496,202.3460410557185,1110
111,27404.09526844159,26676.916603150403,27552.568543632075,18617.09046313425,18299.79331007282,18071.28151419082,3863.975672367752,3636.3984848007062,3313.344520246479,10957.229599429058,10886.17065081909,11012.610313682593,202.14843750000003,1120
112,27674.94406709941,27017.33969875732,27752.775110628703,18921.243842364533,18529.585228456148,18227.55246642824,3881.627289930142,3659.6691180159114,3312.6071884692574,11072.52004249976,10946.826422112123,11088.26249994119,205.9113300492611,1130
113,27611.71911997239,26835.309938109585,27646.820365674626,18825.261335867497,18458.661417322837,18209.58493679965,3873.4541871761394,3640.4212838975573,3304.3666016106963,10986.645468384166,10910.596640117392,10981.580293151035,202.75590551181108,1140
114,27133.14674639018,26410.436946122376,27255.05997746703,18385.021097046414,18176.711807388674,17859.244416206446,3779.194242755253,3574.6860963658632,3261.3181196885957,10844.99502756326,10725.362092570798,10841.84984640394,202.53164556962028,1150
115,27131.563551479456,26357.74211162297,27147.987363328673,18390.77204118537,18186.802890755862,17838.35595127981,3780.6630041179033,3551.9305072259317,3244.3573516246493,10802.70413813366,10733.322822216445,10799.720373324533,203.10981535471333,1160
116,27533.45240032466,26692.437941408323,27602.304365209176,18690.3710957328,18391.164148371518,18146.80311615954,3822.6747355795437,3588.984623449065,3285.3912543797137,10933.976291788054,10849.599453003304,10903.468386373197,205.1030421982336,1170
117,27635.382881535115,26775.610859728506,27613.2798573975,18704.580797836374,18416.90550483455,18111.195600191295,3834.192689421447,3574.3452416571918,3291.7678774649726,10833.183976715689,10827.6963134247,10907.372063954032,204.90196078431376,1180
118,27580.30152515056,26546.20858014861,27530.619806115385,18573.772747920906,18290.16553067186,18021.800176661476,3798.7689525664205,3570.978322144211,3263.822136893875,10870.266872122595,10718.432179073756,10833.213997124889,208.37390457643625,1190
119,27675.43464490721,26695.96907763874,27542.126536638687,18594.747081712063,18440.31670196523,18052.000466625024,3803.9213936386677,3585.020637943065,3261.288080769555,10828.694705378408,10817.560769924992,10830.629990116218,205.25291828793777,1200
120,27595.260159707534,26757.443102222725,27615.930469222727,18559.793558386846,18342.6147557411,18050.251601054904,3803.2555879494653,3556.6775628000114,3253.859561867025,10853.136820752967,10759.711706518568,10828.823550983738,207.9689018464529,1210
121,27572.01401535099,26725.86151158618,27476.057308757332,18451.177013116438,18367.90563918731,18070.297601442235,3790.962099125364,3541.2334513467385,3237.44735989634,10776.530047234843,10670.61202361129,10728.972783625153,206.99708454810497,1220
122,27403.140189800168,26448.557692307688,27125.295244174908,18378.36893834782,18276.803816338703,17914.071834206065,3736.695963288481,3505.4471105624566,3200.718907260964,10703.761012808174,10614.00580551524,10663.910316487636,207.69230769230774,1230
123,27337.63877418622,26393.968385982975,27023.911735045698,18309.47907926896,18210.55725907064,17887.515879644743,3716.7235362279985,3496.365866925916,3193.791678685584,10629.046589817484,10571.94244278638,10597.726365098382,208.45341018251682,1240
124,27237.436347504048,26361.8927125506,26891.611750139786,18194.794709509897,18183.523151605677,17797.115384615383,3713.0221728625984,3488.262265903111,3180.4330978300054,10625.466397151547,10542.862076486843,10551.567118448562,202.88461538461542,1250
125,27134.833281251806,26207.435430740446,26830.85099697451,18133.4889387286,18074.050343676266,17713.66012709673,3682.920152061619,3461.4758676941565,3156.5072190291844,10551.423460677323,10475.88747913977,10463.879804423148,206.5321805955812,1260
126,27081.289015943123,26171.95879857035,26871.271632536413,18037.044467953157,18114.816783712453,17700.28818443804,3681.9664281188598,3454.7299417355753,3159.002004957025,10519.163756623297,10443.153646662477,10472.331055920735,205.57156580211335,1270
127,27144.917013744976,26190.223813821645,26817.722775428363,18122.97777831717,18043.136405187975,17760.24233649517,3675.2025966600477,3444.115110547946,3151.2747360676653,10516.674248876743,10469.667256913044,10465.519607306764,206.13614573346118,1280
128,27617.730437731145,26632.86928154538,27213.974749230863,18416.7030434615,18357.292307809574,18018.56484081202,3719.433903272497,3486.941365881038,3193.903756282515,10642.921849839446,10528.090085220754,10561.977196062755,209.50533462657614,1290
129,27613.376838443055,26650.98181285473,27259.200316264833,18458.96386971864,18292.898088567475,18087.315855674315,3736.608666323752,3480.693896545833,3207.503703540732,10652.337213054476,10581.88925755415,10555.19688178881,212.00387221684417,1300
130,27571.396937499754,26755.30971307427,27413.782291305168,18442.910657697685,18404.434483947545,18059.840787977337,3738.7148136147775,3492.8642819413703,3209.7970756504546,10656.085361536794,10582.085736934729,10534.70045923325,212.00387221684417,1310
131,27630.465098085235,26634.26993986,27341.313218871503,18412.498319006092,18295.738288217955,18080.917170180703,3737.0105843724264,3467.870966477545,3215.912265036518,10617.058331111955,10585.368167520945,10543.609268811924,210.6280193236715,1320
